Lane;BSAC_collection;year;ST;131_clade;blaCTX-M-1;blaCTX-M-127;blaCTX-M-14;blaCTX-M-15;blaCTX-M-191;blaCTX-M-27;blaCTX-M-3;blaCTX-M-9;blaCTX-M_any
38266_2#210;BSAC2;2017;10;;0;0;0;0;0;0;0;0;No
38266_2#316;BSAC2;2017;10;;0;0;0;0;0;0;0;0;No
38266_2#59;BSAC2;2017;10320;;0;0;0;1;0;0;0;0;yes
38266_2#184;BSAC2;2017;1159;;0;0;0;0;0;0;0;0;No
38266_2#282;BSAC2;2017;117;;0;0;0;0;0;0;0;0;No
38266_2#124;BSAC2;2017;12;;0;0;0;0;0;0;0;0;No
38266_2#187;BSAC2;2017;12;;0;0;0;0;0;0;0;0;No
38266_2#283;BSAC2;2017;12;;0;0;0;0;0;0;0;0;No
38266_2#308;BSAC2;2017;12;;0;0;0;0;0;0;0;0;No
38266_2#317;BSAC2;2017;12;;0;0;0;0;0;0;0;0;No
38266_2#340;BSAC2;2017;12;;0;0;0;0;0;0;0;0;No
38266_2#370;BSAC2;2017;12;;0;0;0;0;0;0;0;0;No
38266_2#374;BSAC2;2017;12;;0;0;0;0;0;0;0;0;No
38266_2#60;BSAC2;2017;127;;0;0;0;0;0;0;0;0;No
38266_2#158;BSAC2;2017;127;;0;0;0;0;0;0;0;0;No
38266_2#189;BSAC2;2017;127;;0;0;0;0;0;0;0;0;No
38266_2#342;BSAC2;2017;127;;0;0;0;0;0;0;0;0;No
38266_2#128;BSAC2;2017;1278;;0;0;0;0;0;0;0;0;No
38266_2#86;BSAC2;2017;131;C2;0;1;0;0;0;0;0;0;yes
38266_2#88;BSAC2;2017;131;C1;0;0;0;0;0;0;0;0;No
38266_2#91;BSAC2;2017;131;C2;0;0;0;0;0;0;0;0;No
38266_2#92;BSAC2;2017;131;C1;0;0;0;0;0;0;0;0;No
38266_2#93;BSAC2;2017;131;C2;0;0;0;1;0;0;0;0;yes
38266_2#154;BSAC2;2017;131;C1;0;0;0;0;0;1;0;0;yes
38266_2#160;BSAC2;2017;131;A;0;0;1;0;0;0;0;0;yes
38266_2#188;BSAC2;2017;131;C2;0;0;0;1;0;0;0;0;yes
38266_2#222;BSAC2;2017;131;A;0;0;1;0;0;0;0;0;yes
38266_2#250;BSAC2;2017;131;B;0;0;0;0;0;0;0;0;No
38266_2#285;BSAC2;2017;131;C2;0;0;0;1;0;0;0;0;yes
38266_2#286;BSAC2;2017;131;C2;0;0;0;1;0;0;0;0;yes
38266_2#314;BSAC2;2017;131;B;0;0;0;0;0;0;0;0;No
38266_2#320;BSAC2;2017;131;C2;0;0;0;0;0;0;0;0;No
38266_2#29;BSAC2;2017;14;;0;0;0;0;0;0;0;0;No
38266_2#244;BSAC2;2017;141;;0;0;0;0;0;0;0;0;No
38266_2#256;BSAC2;2017;1415;;0;0;0;0;0;0;0;0;No
38266_2#224;BSAC2;2017;144;;0;0;0;0;0;0;0;0;No
38266_2#348;BSAC2;2017;144;;0;0;0;0;0;0;0;0;No
38266_2#248;BSAC2;2017;1828;;0;0;0;0;0;0;0;0;No
38266_2#180;BSAC2;2017;2279;;0;0;0;0;0;0;0;0;No
38266_2#122;BSAC2;2017;2619;;0;0;0;0;0;0;0;0;No
38266_2#62;BSAC2;2017;3672;;0;0;0;0;0;0;0;0;No
38266_2#94;BSAC2;2017;3672;;0;0;0;0;0;0;0;0;No
38266_2#288;BSAC2;2017;38;;0;0;1;0;0;0;0;0;yes
38266_2#56;BSAC2;2017;394;;0;0;0;0;0;0;0;0;No
38266_2#378;BSAC2;2017;404;;0;0;0;0;0;0;0;0;No
38266_2#254;BSAC2;2017;421;;0;0;0;0;0;0;0;0;No
38266_2#123;BSAC2;2017;428;;0;0;0;0;0;0;0;0;No
38266_2#274;BSAC2;2017;429;;0;0;0;0;0;0;0;0;No
38266_2#318;BSAC2;2017;491;;0;0;0;0;0;0;0;0;No
38266_2#246;BSAC2;2017;538;;0;0;0;0;0;0;0;0;No
38266_2#96;BSAC2;2017;5404;;0;0;0;0;0;0;0;0;No
38266_2#30;BSAC2;2017;544;;0;0;0;0;0;0;0;0;No
38266_2#126;BSAC2;2017;544;;0;0;0;0;0;0;0;0;No
38266_2#306;BSAC2;2017;547;;0;0;0;0;0;0;0;0;No
38266_2#22;BSAC2;2017;550;;0;0;0;0;0;0;0;0;No
38266_2#220;BSAC2;2017;569;;0;0;0;0;0;0;0;0;No
38266_2#116;BSAC2;2017;58;;0;0;0;0;0;0;0;0;No
38266_2#190;BSAC2;2017;58;;0;0;0;0;0;0;0;0;No
38266_2#252;BSAC2;2017;59;;0;0;0;0;0;0;0;0;No
38266_2#377;BSAC2;2017;59;;0;0;0;0;0;0;0;0;No
38266_2#28;BSAC2;2017;681;;0;0;0;0;0;0;0;0;No
38266_2#61;BSAC2;2017;681;;0;0;0;0;0;0;0;0;No
38266_2#347;BSAC2;2017;681;;0;0;0;0;0;0;0;0;No
38266_1#139;BSAC2;2017;69;;0;0;0;0;0;0;0;0;No
38266_2#24;BSAC2;2017;69;;0;0;0;0;0;0;0;0;No
38266_2#54;BSAC2;2017;69;;0;0;0;0;0;0;0;0;No
38266_2#114;BSAC2;2017;69;;0;0;0;0;0;0;0;0;No
38266_2#120;BSAC2;2017;69;;0;0;0;0;0;0;0;0;No
38266_2#125;BSAC2;2017;69;;0;0;0;0;0;0;0;0;No
38266_2#150;BSAC2;2017;69;;0;0;0;0;0;0;0;0;No
38266_2#155;BSAC2;2017;69;;0;0;0;0;0;0;0;0;No
38266_2#178;BSAC2;2017;69;;0;0;0;0;0;0;0;0;No
38266_2#212;BSAC2;2017;69;;0;0;0;0;0;0;0;0;No
38266_2#219;BSAC2;2017;69;;0;0;0;0;0;0;0;0;No
38266_2#253;BSAC2;2017;69;;0;0;0;0;0;0;0;0;No
38266_2#284;BSAC2;2017;69;;0;0;0;0;0;0;0;0;No
38266_2#344;BSAC2;2017;69;;0;0;0;0;0;0;0;0;No
38266_2#352;BSAC2;2017;69;;0;0;0;0;0;0;0;0;No
38266_2#18;BSAC2;2017;73;;0;0;0;0;0;0;0;0;No
38266_2#32;BSAC2;2017;73;;0;0;0;0;0;0;0;0;No
38266_2#50;BSAC2;2017;73;;0;0;0;0;0;0;0;0;No
38266_2#64;BSAC2;2017;73;;0;0;0;0;0;0;0;0;No
38266_2#82;BSAC2;2017;73;;0;0;0;0;0;0;0;0;No
38266_2#90;BSAC2;2017;73;;0;0;0;0;0;0;0;0;No
38266_2#118;BSAC2;2017;73;;0;0;0;0;0;0;0;0;No
38266_2#148;BSAC2;2017;73;;0;0;0;0;0;0;0;0;No
38266_2#192;BSAC2;2017;73;;0;0;0;0;0;0;0;0;No
38266_2#242;BSAC2;2017;73;;0;0;0;0;0;0;0;0;No
38266_2#251;BSAC2;2017;73;;0;0;0;0;0;0;0;0;No
38266_2#338;BSAC2;2017;73;;0;0;0;0;0;0;0;0;No
38266_2#372;BSAC2;2017;73;;0;0;0;0;0;0;0;0;No
38266_2#379;BSAC2;2017;73;;0;0;0;0;0;0;0;0;No
38266_2#186;BSAC2;2017;88;;0;0;0;0;0;0;0;0;No
38266_2#20;BSAC2;2017;95;;0;0;0;0;0;0;0;0;No
38266_2#26;BSAC2;2017;95;;0;0;0;0;0;0;0;0;No
38266_2#52;BSAC2;2017;95;;0;0;0;0;0;0;0;0;No
38266_2#84;BSAC2;2017;95;;0;0;0;0;0;0;0;0;No
38266_2#152;BSAC2;2017;95;;0;0;0;0;0;0;0;0;No
38266_2#156;BSAC2;2017;95;;0;0;0;0;0;0;0;0;No
38266_2#216;BSAC2;2017;95;;0;0;0;0;0;0;0;0;No
38266_2#221;BSAC2;2017;95;;0;0;0;0;0;0;0;0;No
38266_2#278;BSAC2;2017;95;;0;0;0;0;0;0;0;0;No
38266_2#280;BSAC2;2017;95;;0;0;0;0;0;0;0;0;No
38266_2#312;BSAC2;2017;95;;0;0;0;0;0;0;0;0;No
38266_2#315;BSAC2;2017;95;;0;0;0;0;0;0;0;0;No
38266_2#346;BSAC2;2017;95;;0;0;0;0;0;0;0;0;No
38266_2#349;BSAC2;2017;95;;0;0;0;0;0;0;0;0;No
38266_2#146;BSAC2;2017;99;;0;0;0;0;0;0;0;0;No
38266_2#218;BSAC2;2017;998;;0;0;0;0;0;0;0;0;No
38266_2#296;BSAC2;2016;10;;0;0;0;1;0;0;0;0;yes
38266_2#268;BSAC2;2016;1193;;0;0;0;0;0;0;0;0;No
38266_2#34;BSAC2;2016;12;;0;0;0;0;0;0;0;0;No
38266_2#112;BSAC2;2016;12;;0;0;0;0;0;0;0;0;No
38266_2#183;BSAC2;2016;12;;0;0;0;0;0;0;0;0;No
38266_2#232;BSAC2;2016;12;;0;0;0;0;0;0;0;0;No
38266_2#273;BSAC2;2016;12;;0;0;0;0;0;0;0;0;No
38266_2#305;BSAC2;2016;12;;0;0;0;0;0;0;0;0;No
38266_2#309;BSAC2;2016;12;;0;0;0;0;0;0;0;0;No
38266_2#311;BSAC2;2016;12;;0;0;0;0;0;0;0;0;No
38266_2#324;BSAC2;2016;12;;0;0;0;0;0;0;0;0;No
38266_2#334;BSAC2;2016;12;;0;0;0;0;0;0;0;0;No
38266_2#336;BSAC2;2016;12;;0;0;0;0;0;0;0;0;No
38266_2#351;BSAC2;2016;12;;0;0;0;0;0;0;0;0;No
38266_2#373;BSAC2;2016;12;;0;0;0;0;0;0;0;0;No
38266_2#25;BSAC2;2016;127;;0;0;0;0;0;0;0;0;No
38266_2#55;BSAC2;2016;127;;0;0;0;0;0;0;0;0;No
38266_2#108;BSAC2;2016;127;;0;0;0;0;0;0;0;0;No
38266_2#191;BSAC2;2016;127;;0;0;0;0;0;0;0;0;No
38266_2#215;BSAC2;2016;127;;0;0;0;0;0;0;0;0;No
38266_2#241;BSAC2;2016;127;;0;0;0;0;0;0;0;0;No
38266_2#243;BSAC2;2016;127;;0;0;0;0;0;0;0;0;No
38266_2#266;BSAC2;2016;127;;0;0;0;0;0;0;0;0;No
38266_2#319;BSAC2;2016;127;;0;0;0;0;0;0;0;0;No
38266_2#322;BSAC2;2016;127;;0;0;0;0;0;0;0;0;No
38266_2#362;BSAC2;2016;1276;;0;0;0;0;0;0;0;0;No
38266_2#164;BSAC2;2016;129;;0;0;0;0;0;0;0;0;No
38266_2#12;BSAC2;2016;131;A;0;0;0;0;0;0;0;0;No
38266_2#44;BSAC2;2016;131;C2;0;0;0;1;0;0;0;0;yes
38266_2#48;BSAC2;2016;131;C2;0;0;0;1;0;0;0;0;yes
38266_2#51;BSAC2;2016;131;B;0;0;0;0;0;0;0;0;No
38266_2#63;BSAC2;2016;131;C2;0;0;0;0;0;0;0;0;No
38266_2#66;BSAC2;2016;131;C2;0;0;0;1;0;0;0;0;yes
38266_2#81;BSAC2;2016;131;C2;0;0;0;1;0;0;0;0;yes
38266_2#95;BSAC2;2016;131;B;0;0;0;0;0;0;0;0;No
38266_2#140;BSAC2;2016;131;A;0;0;0;0;0;0;0;0;No
38266_2#142;BSAC2;2016;131;C0;0;0;0;0;0;0;0;0;No
38266_2#147;BSAC2;2016;131;C1;0;0;0;0;0;0;0;0;No
38266_2#149;BSAC2;2016;131;B;0;0;0;0;0;0;0;0;No
38266_2#172;BSAC2;2016;131;C2;0;0;0;1;0;0;0;0;yes
38266_2#177;BSAC2;2016;131;C0;0;0;0;0;0;0;0;0;No
38266_2#211;BSAC2;2016;131;C1;0;0;0;0;0;0;0;0;No
38266_2#226;BSAC2;2016;131;A;0;0;0;0;0;0;0;0;No
38266_2#228;BSAC2;2016;131;C2;0;0;0;1;0;0;0;0;yes
38266_2#234;BSAC2;2016;131;C1;0;0;0;0;0;0;0;0;No
38266_2#258;BSAC2;2016;131;C2;0;0;0;1;0;0;0;0;yes
38266_2#281;BSAC2;2016;131;B;0;0;0;0;0;0;0;0;No
38266_2#326;BSAC2;2016;131;C2;0;0;0;0;0;0;0;0;No
38266_2#341;BSAC2;2016;131;C2;0;0;0;0;0;0;0;0;No
38266_2#358;BSAC2;2016;131;C2;0;0;0;1;0;0;0;0;yes
38266_2#360;BSAC2;2016;131;C2;0;0;0;1;0;0;0;0;yes
38266_1#135;BSAC2;2016;1324;;0;0;0;0;0;0;0;0;No
38266_2#238;BSAC2;2016;14;;0;0;0;0;0;0;0;0;No
38266_2#290;BSAC2;2016;14;;0;0;0;0;0;0;0;0;No
38266_2#264;BSAC2;2016;141;;0;0;0;0;0;0;0;0;No
38266_2#364;BSAC2;2016;141;;0;0;0;0;0;0;0;0;No
38266_2#181;BSAC2;2016;144;;0;0;0;0;0;0;0;0;No
38266_2#272;BSAC2;2016;2020;;0;0;0;0;0;0;0;0;No
38266_2#300;BSAC2;2016;224;;0;0;0;0;0;0;0;0;No
38266_2#27;BSAC2;2016;23;;0;0;0;0;0;0;0;0;No
38266_2#168;BSAC2;2016;2546;;0;0;0;0;0;0;0;0;No
38266_2#209;BSAC2;2016;2619;;0;0;0;0;0;0;0;0;No
38266_2#217;BSAC2;2016;357;;0;0;0;0;0;0;0;0;No
38266_2#249;BSAC2;2016;357;;0;0;0;0;0;0;0;0;No
38266_2#236;BSAC2;2016;372;;0;0;0;0;0;0;0;0;No
38266_2#337;BSAC2;2016;372;;0;0;0;0;0;0;0;0;No
38266_2#194;BSAC2;2016;38;;0;0;0;1;0;0;0;0;yes
38266_2#294;BSAC2;2016;38;;0;0;0;1;0;0;0;0;yes
38266_2#68;BSAC2;2016;393;;0;0;0;0;0;0;0;0;No
38266_2#170;BSAC2;2016;394;;0;0;0;0;0;0;0;0;No
38266_2#46;BSAC2;2016;404;;0;0;0;0;0;0;0;0;No
38266_2#376;BSAC2;2016;404;;0;0;0;0;0;0;0;0;No
38266_2#332;BSAC2;2016;405;;0;0;0;0;0;0;0;0;No
38266_2#260;BSAC2;2016;421;;0;0;0;0;0;0;0;0;No
38266_2#57;BSAC2;2016;429;;0;0;0;0;0;0;0;0;No
38266_2#14;BSAC2;2016;443;;0;0;0;1;0;0;0;0;yes
38266_2#330;BSAC2;2016;538;;0;0;0;0;0;0;0;0;No
38266_2#345;BSAC2;2016;540;;0;0;0;0;0;0;0;0;No
38266_2#72;BSAC2;2016;5539;;0;0;0;0;0;0;0;0;No
38266_2#328;BSAC2;2016;569;;0;0;0;0;0;0;0;0;No
38266_2#375;BSAC2;2016;584;;0;0;0;0;0;0;0;0;No
38266_2#371;BSAC2;2016;5879;;0;0;0;0;0;0;0;0;No
38266_2#19;BSAC2;2016;618;;0;0;0;0;0;0;0;0;No
38266_2#42;BSAC2;2016;62;;0;0;0;0;0;0;0;0;No
38266_2#206;BSAC2;2016;62;;0;0;0;0;0;0;0;0;No
38266_2#279;BSAC2;2016;648;;0;0;0;0;0;0;0;0;No
38266_2#121;BSAC2;2016;681;;0;0;0;0;0;0;0;0;No
38266_2#368;BSAC2;2016;681;;0;0;0;0;0;0;0;0;No
38266_2#262;BSAC2;2016;6889;;0;0;0;0;0;0;0;0;No
38266_1#137;BSAC2;2016;69;;0;0;0;0;0;0;0;0;No
38266_2#23;BSAC2;2016;69;;0;0;0;0;0;0;0;0;No
38266_2#31;BSAC2;2016;69;;0;0;0;0;0;0;0;0;No
38266_2#49;BSAC2;2016;69;;0;0;0;0;0;0;0;0;No
38266_2#87;BSAC2;2016;69;;0;0;0;0;0;0;0;0;No
38266_2#98;BSAC2;2016;69;;0;0;0;0;0;0;0;0;No
38266_2#100;BSAC2;2016;69;;0;0;0;0;0;0;0;0;No
38266_2#130;BSAC2;2016;69;;0;0;0;0;0;0;0;0;No
38266_2#145;BSAC2;2016;69;;0;0;0;0;0;0;0;0;No
38266_2#153;BSAC2;2016;69;;0;0;0;0;0;0;0;0;No
38266_2#162;BSAC2;2016;69;;0;0;0;0;0;0;0;0;No
38266_2#202;BSAC2;2016;69;;0;0;0;0;0;0;0;0;No
38266_2#204;BSAC2;2016;69;;0;0;0;0;0;0;0;0;No
38266_2#298;BSAC2;2016;69;;0;0;0;0;0;0;0;0;No
38266_2#8;BSAC2;2016;73;;0;0;0;0;0;0;0;0;No
38266_2#17;BSAC2;2016;73;;0;0;0;0;0;0;0;0;No
38266_2#21;BSAC2;2016;73;;0;0;0;0;0;0;0;0;No
38266_2#40;BSAC2;2016;73;;0;0;0;0;0;0;0;0;No
38266_2#74;BSAC2;2016;73;;0;0;0;0;0;0;0;0;No
38266_2#78;BSAC2;2016;73;;0;0;0;0;0;0;0;0;No
38266_2#80;BSAC2;2016;73;;0;0;0;0;0;0;0;0;No
38266_2#83;BSAC2;2016;73;;0;0;0;0;0;0;0;0;No
38266_2#104;BSAC2;2016;73;;0;0;0;0;0;0;0;0;No
38266_2#106;BSAC2;2016;73;;0;0;0;0;0;0;0;0;No
38266_2#110;BSAC2;2016;73;;0;0;0;0;0;0;0;0;No
38266_2#115;BSAC2;2016;73;;0;0;0;0;0;0;0;0;No
38266_2#127;BSAC2;2016;73;;0;0;0;0;0;0;0;0;No
38266_2#132;BSAC2;2016;73;;0;0;0;0;0;0;0;0;No
38266_2#138;BSAC2;2016;73;;0;0;0;0;0;0;0;0;No
38266_2#144;BSAC2;2016;73;;0;0;0;0;0;0;0;0;No
38266_2#151;BSAC2;2016;73;;0;0;0;0;0;0;0;0;No
38266_2#174;BSAC2;2016;73;;0;0;0;0;0;0;0;0;No
38266_2#176;BSAC2;2016;73;;0;0;0;0;0;0;0;0;No
38266_2#179;BSAC2;2016;73;;0;0;0;0;0;0;0;0;No
38266_2#196;BSAC2;2016;73;;0;0;0;0;0;0;0;0;No
38266_2#200;BSAC2;2016;73;;0;0;0;0;0;0;0;0;No
38266_2#208;BSAC2;2016;73;;0;0;0;0;0;0;0;0;No
38266_2#240;BSAC2;2016;73;;0;0;0;0;0;0;0;0;No
38266_2#245;BSAC2;2016;73;;0;0;0;0;0;0;0;0;No
38266_2#270;BSAC2;2016;73;;0;0;0;0;0;0;0;0;No
38266_2#275;BSAC2;2016;73;;0;0;0;0;0;0;0;0;No
38266_2#287;BSAC2;2016;73;;0;0;0;0;0;0;0;0;No
38266_2#313;BSAC2;2016;73;;0;0;0;0;0;0;0;0;No
38266_2#339;BSAC2;2016;73;;0;0;0;0;0;0;0;0;No
38266_2#356;BSAC2;2016;73;;0;0;0;0;0;0;0;0;No
38266_2#366;BSAC2;2016;73;;0;0;0;0;0;0;0;0;No
38266_2#369;BSAC2;2016;73;;0;0;0;0;0;0;0;0;No
38266_2#213;BSAC2;2016;80;;0;0;0;0;0;0;0;0;No
38266_2#113;BSAC2;2016;83;;0;0;0;0;0;0;0;0;No
38266_2#247;BSAC2;2016;83;;0;0;0;0;0;0;0;0;No
38266_2#36;BSAC2;2016;93;;0;0;0;0;0;0;0;0;No
38266_2#10;BSAC2;2016;95;;0;0;0;0;0;0;0;0;No
38266_2#16;BSAC2;2016;95;;0;0;0;0;0;0;0;0;No
38266_2#85;BSAC2;2016;95;;0;0;0;0;0;0;0;0;No
38266_2#89;BSAC2;2016;95;;0;0;0;0;0;0;0;0;No
38266_2#117;BSAC2;2016;95;;0;0;0;0;0;0;0;0;No
38266_2#159;BSAC2;2016;95;;0;0;0;0;0;0;0;0;No
38266_2#185;BSAC2;2016;95;;0;0;0;0;0;0;0;0;No
38266_2#223;BSAC2;2016;95;;0;0;0;0;0;0;0;0;No
38266_2#255;BSAC2;2016;95;;0;0;0;0;0;0;0;0;No
38266_2#292;BSAC2;2016;95;;0;0;0;0;0;0;0;0;No
38266_2#302;BSAC2;2016;95;;0;0;0;0;0;0;0;0;No
38266_2#304;BSAC2;2016;95;;0;0;0;0;0;0;0;0;No
38266_2#343;BSAC2;2016;95;;0;0;0;0;0;0;0;0;No
38266_2#193;BSAC2;2015;101;;0;0;0;0;0;0;0;0;No
38266_2#45;BSAC2;2015;1057;;0;0;0;0;0;0;0;0;No
38266_2#105;BSAC2;2015;1147;;0;0;0;0;0;0;0;0;No
38266_2#73;BSAC2;2015;1193;;0;0;0;0;0;0;0;0;No
38266_2#135;BSAC2;2015;1193;;0;0;0;0;0;0;0;0;No
38266_2#239;BSAC2;2015;1193;;0;0;0;0;0;0;0;0;No
38266_1#131;BSAC2;2015;12;;0;0;0;0;0;0;0;0;No
38266_2#71;BSAC2;2015;12;;0;0;0;0;0;0;0;0;No
38266_2#139;BSAC2;2015;12;;0;0;0;0;0;0;0;0;No
38266_2#289;BSAC2;2015;12;;0;0;0;0;0;0;0;0;No
38266_2#198;BSAC2;2015;1276;;0;0;0;0;0;0;0;0;No
38266_1#178;BSAC2;2015;131;C1;0;0;0;0;0;0;0;0;No
38266_1#342;BSAC2;2015;131;C2;0;0;0;0;0;0;0;0;No
38266_2#11;BSAC2;2015;131;A;0;0;0;0;0;0;0;0;No
38266_2#33;BSAC2;2015;131;C1;0;0;0;0;0;0;0;0;No
38266_2#38;BSAC2;2015;131;B;0;0;0;0;0;0;0;0;No
38266_2#65;BSAC2;2015;131;B;0;0;0;0;0;0;0;0;No
38266_2#67;BSAC2;2015;131;C2;0;0;0;0;0;0;0;0;No
38266_2#102;BSAC2;2015;131;B;0;0;0;0;0;0;0;0;No
38266_2#131;BSAC2;2015;131;C2;0;0;0;1;0;0;0;0;yes
38266_2#133;BSAC2;2015;131;A;0;0;0;0;0;0;0;0;No
38266_2#171;BSAC2;2015;131;C1;0;0;0;0;0;0;0;0;No
38266_2#173;BSAC2;2015;131;C1;0;0;0;0;0;0;0;0;No
38266_2#175;BSAC2;2015;131;C2;0;0;0;1;0;0;0;1;yes
38266_2#205;BSAC2;2015;131;C2;0;0;0;1;0;0;0;0;yes
38266_2#230;BSAC2;2015;131;C2;0;0;0;1;0;0;0;0;yes
38266_2#231;BSAC2;2015;131;C1;0;0;0;0;0;0;0;0;No
38266_2#235;BSAC2;2015;131;C2;0;0;0;0;0;0;0;0;No
38266_2#259;BSAC2;2015;131;A;0;0;0;0;0;0;0;0;No
38266_2#265;BSAC2;2015;131;C2;0;0;0;0;0;0;0;0;No
38266_2#295;BSAC2;2015;131;C2;0;0;0;0;0;0;0;0;No
38266_2#327;BSAC2;2015;131;C2;0;0;0;1;0;0;0;0;yes
38266_2#329;BSAC2;2015;131;C1;0;0;1;0;0;0;0;0;yes
38266_2#357;BSAC2;2015;131;C2;0;0;0;0;0;0;0;0;No
38266_2#361;BSAC2;2015;131;C2;0;0;0;1;0;0;0;0;yes
38266_2#333;BSAC2;2015;135;;0;0;0;0;0;0;0;0;No
38266_2#4;BSAC2;2015;14;;0;0;0;0;0;0;0;0;No
38266_2#207;BSAC2;2015;14;;0;0;0;0;0;0;0;0;No
38266_2#69;BSAC2;2015;1431;;0;0;0;1;0;0;0;0;yes
38266_1#114;BSAC2;2015;144;;0;0;0;0;0;0;0;0;No
38266_1#278;BSAC2;2015;144;;0;0;0;0;0;0;0;0;No
38266_2#141;BSAC2;2015;144;;0;0;0;0;0;0;0;0;No
38266_2#355;BSAC2;2015;144;;0;0;0;0;0;0;0;0;No
38266_2#75;BSAC2;2015;167;;0;0;0;1;0;0;0;0;yes
38266_1#105;BSAC2;2015;205;;0;0;0;0;0;0;0;0;No
38266_2#227;BSAC2;2015;2474;;0;0;0;0;0;0;0;0;No
38266_2#257;BSAC2;2015;2474;;0;0;0;0;0;0;0;0;No
38266_2#301;BSAC2;2015;315;;0;0;0;0;0;0;0;0;No
38266_2#13;BSAC2;2015;354;;0;0;0;0;0;0;0;0;No
38266_1#146;BSAC2;2015;38;;0;0;0;1;0;0;0;0;yes
38266_2#161;BSAC2;2015;38;;0;0;0;0;0;0;0;0;No
38266_2#163;BSAC2;2015;38;;0;0;0;0;0;0;0;0;No
38266_2#261;BSAC2;2015;38;;0;0;0;0;0;0;0;0;No
38266_1#210;BSAC2;2015;404;;0;0;0;0;0;0;0;0;No
38266_2#97;BSAC2;2015;404;;0;0;0;0;0;0;0;0;No
38266_2#143;BSAC2;2015;404;;0;0;0;0;0;0;0;0;No
38266_2#37;BSAC2;2015;405;;0;0;0;1;0;0;0;0;yes
38266_1#246;BSAC2;2015;428;;0;0;0;0;0;0;0;0;No
38266_2#47;BSAC2;2015;4959;;0;0;0;0;0;0;0;0;No
38266_2#353;BSAC2;2015;5026;;0;0;0;0;0;0;0;0;No
38266_2#195;BSAC2;2015;537;;0;0;0;0;0;0;0;0;No
38266_2#165;BSAC2;2015;550;;0;0;0;0;0;0;0;0;No
38266_1#133;BSAC2;2015;58;;0;0;0;1;0;0;0;0;yes
38266_2#107;BSAC2;2015;58;;0;0;0;0;0;0;0;0;No
38266_2#137;BSAC2;2015;58;;0;0;0;0;0;0;0;0;No
38266_2#321;BSAC2;2015;58;;0;0;0;0;0;0;0;0;No
38266_1#160;BSAC2;2015;59;;0;0;0;0;0;0;0;0;No
38266_1#218;BSAC2;2015;59;;0;0;0;0;0;0;0;0;No
38266_2#299;BSAC2;2015;59;;0;0;0;0;0;0;0;0;No
38266_2#367;BSAC2;2015;62;;0;0;0;0;0;0;0;0;No
38266_2#269;BSAC2;2015;636;;0;0;0;0;0;0;0;0;No
38266_1#340;BSAC2;2015;69;;0;0;0;0;0;0;0;0;No
38266_2#39;BSAC2;2015;69;;0;0;0;0;0;0;0;0;No
38266_2#70;BSAC2;2015;69;;0;0;0;0;0;0;0;0;No
38266_2#77;BSAC2;2015;69;;0;0;0;0;0;0;0;0;No
38266_2#79;BSAC2;2015;69;;0;0;0;0;0;0;0;0;No
38266_2#331;BSAC2;2015;69;;0;0;0;0;0;0;0;0;No
38266_2#359;BSAC2;2015;69;;0;0;0;0;0;0;0;0;No
38266_2#363;BSAC2;2015;69;;0;0;0;0;0;0;0;0;No
38266_2#197;BSAC2;2015;70;;0;0;0;0;0;0;0;0;No
38266_1#84;BSAC2;2015;73;;0;0;0;0;0;0;0;0;No
38266_1#111;BSAC2;2015;73;;0;0;0;0;0;0;0;0;No
38266_1#220;BSAC2;2015;73;;0;0;0;0;0;0;0;0;No
38266_1#248;BSAC2;2015;73;;0;0;0;0;0;0;0;0;No
38266_1#310;BSAC2;2015;73;;0;0;0;0;0;0;0;0;No
38266_1#312;BSAC2;2015;73;;0;0;0;0;0;0;0;0;No
38266_1#372;BSAC2;2015;73;;0;0;0;0;0;0;0;0;No
38266_2#2;BSAC2;2015;73;;0;0;0;0;0;0;0;0;No
38266_2#6;BSAC2;2015;73;;0;0;0;0;0;0;0;0;No
38266_2#41;BSAC2;2015;73;;0;0;0;0;0;0;0;0;No
38266_2#99;BSAC2;2015;73;;0;0;0;0;0;0;0;0;No
38266_2#101;BSAC2;2015;73;;0;0;0;0;0;0;0;0;No
38266_2#109;BSAC2;2015;73;;0;0;0;0;0;0;0;0;No
38266_2#111;BSAC2;2015;73;;0;0;0;0;0;0;0;0;No
38266_2#129;BSAC2;2015;73;;0;0;0;0;0;0;0;0;No
38266_2#134;BSAC2;2015;73;;0;0;0;0;0;0;0;0;No
38266_2#166;BSAC2;2015;73;;0;0;0;0;0;0;0;0;No
38266_2#167;BSAC2;2015;73;;0;0;0;0;0;0;0;0;No
38266_2#199;BSAC2;2015;73;;0;0;0;0;0;0;0;0;No
38266_2#225;BSAC2;2015;73;;0;0;0;0;0;0;0;0;No
38266_2#229;BSAC2;2015;73;;0;0;0;0;0;0;0;0;No
38266_2#233;BSAC2;2015;73;;0;0;0;0;0;0;0;0;No
38266_2#237;BSAC2;2015;73;;0;0;0;0;0;0;0;0;No
38266_2#263;BSAC2;2015;73;;0;0;0;0;0;0;0;0;No
38266_2#267;BSAC2;2015;73;;0;0;0;0;0;0;0;0;No
38266_2#291;BSAC2;2015;73;;0;0;0;0;0;0;0;0;No
38266_2#293;BSAC2;2015;73;;0;0;0;0;0;0;0;0;No
38266_2#303;BSAC2;2015;73;;0;0;0;0;0;0;0;0;No
38266_2#323;BSAC2;2015;73;;0;0;0;0;0;0;0;0;No
38266_2#335;BSAC2;2015;73;;0;0;0;0;0;0;0;0;No
38266_2#365;BSAC2;2015;8171;;0;0;0;0;0;0;0;0;No
38266_2#325;BSAC2;2015;8677;;0;0;0;0;0;0;0;0;No
38266_2#201;BSAC2;2015;88;;0;0;0;0;0;0;0;0;No
38266_1#192;BSAC2;2015;95;;0;0;0;0;0;0;0;0;No
38266_2#15;BSAC2;2015;95;;0;0;0;0;0;0;0;0;No
38266_2#35;BSAC2;2015;95;;0;0;0;0;0;0;0;0;No
38266_2#43;BSAC2;2015;95;;0;0;0;0;0;0;0;0;No
38266_2#103;BSAC2;2015;95;;0;0;0;0;0;0;0;0;No
38266_2#203;BSAC2;2015;95;;0;0;0;0;0;0;0;0;No
38266_1#211;BSAC2;2014;10;;0;0;0;0;0;0;0;0;No
38266_1#212;BSAC2;2014;1065;;0;0;0;0;0;0;0;0;No
38266_1#58;BSAC2;2014;117;;0;0;0;0;0;0;0;0;No
38266_1#183;BSAC2;2014;117;;0;0;0;0;0;0;0;0;No
38266_1#216;BSAC2;2014;1193;;0;0;0;0;0;0;0;0;No
38266_1#77;BSAC2;2014;12;;0;0;0;0;0;0;0;0;No
38266_1#86;BSAC2;2014;12;;0;0;0;0;0;0;0;0;No
38266_1#222;BSAC2;2014;12;;0;0;0;0;0;0;0;0;No
38266_1#247;BSAC2;2014;12;;0;0;0;0;0;0;0;0;No
38266_1#273;BSAC2;2014;12;;0;0;0;0;0;0;0;0;No
38266_1#275;BSAC2;2014;12;;0;0;0;0;0;0;0;0;No
38266_1#311;BSAC2;2014;12;;0;0;0;0;0;0;0;0;No
38266_1#316;BSAC2;2014;1236;;0;0;0;0;0;0;0;0;No
38266_1#18;BSAC2;2014;127;;0;0;0;0;0;0;0;0;No
38266_1#28;BSAC2;2014;127;;0;0;0;0;0;0;0;0;No
38266_1#180;BSAC2;2014;127;;0;0;0;0;0;0;0;0;No
38266_1#181;BSAC2;2014;127;;0;0;0;0;0;0;0;0;No
38266_1#320;BSAC2;2014;127;;0;0;0;0;0;0;0;0;No
38266_1#54;BSAC2;2014;131;C1;0;0;0;0;0;0;0;0;No
38266_1#62;BSAC2;2014;131;C1;0;0;0;0;0;0;0;0;No
38266_1#83;BSAC2;2014;131;A;1;0;0;0;0;0;0;0;yes
38266_1#85;BSAC2;2014;131;C2;0;0;0;1;0;0;0;0;yes
38266_1#87;BSAC2;2014;131;C2;0;0;0;0;0;0;0;0;No
38266_1#90;BSAC2;2014;131;C2;0;0;0;0;0;0;0;0;No
38266_1#97;BSAC2;2014;131;A;0;0;0;0;0;0;0;0;No
38266_1#120;BSAC2;2014;131;C2;0;0;0;1;0;0;0;0;yes
38266_1#186;BSAC2;2014;131;C1;0;0;0;0;0;0;0;0;No
38266_1#213;BSAC2;2014;131;C1;0;0;0;0;0;0;0;0;No
38266_1#214;BSAC2;2014;131;C2;0;0;0;1;0;0;0;0;yes
38266_1#215;BSAC2;2014;131;C2;0;0;0;1;0;0;0;0;yes
38266_1#244;BSAC2;2014;131;C2;0;0;0;0;0;0;0;0;No
38266_1#245;BSAC2;2014;131;A;0;0;0;0;0;0;0;0;No
38266_1#256;BSAC2;2014;131;B0;0;0;0;0;0;0;0;0;No
38266_1#282;BSAC2;2014;131;C1;0;0;0;0;0;0;0;0;No
38266_1#284;BSAC2;2014;131;C1;0;0;0;0;0;0;0;0;No
38266_1#305;BSAC2;2014;131;C2;0;0;0;1;0;0;0;0;yes
38266_1#306;BSAC2;2014;131;C2;0;0;0;1;0;0;0;0;yes
38266_1#309;BSAC2;2014;131;A;0;0;0;0;0;0;0;0;No
38266_1#346;BSAC2;2014;131;C2;0;0;0;0;0;0;0;0;No
38266_1#348;BSAC2;2014;131;C2;0;0;0;1;0;0;0;0;yes
38266_1#351;BSAC2;2014;131;C1;0;0;0;0;0;0;0;0;No
38266_1#377;BSAC2;2014;131;B;0;0;0;0;0;0;0;0;No
38266_2#5;BSAC2;2014;131;C2;0;0;0;1;0;0;0;0;yes
38266_1#96;BSAC2;2014;14;NA;0;0;0;0;0;0;0;0;No
38266_1#30;BSAC2;2014;140;NA;0;0;0;0;0;0;0;0;No
38266_1#20;BSAC2;2014;141;NA;0;0;0;0;0;0;0;0;No
38266_1#337;BSAC2;2014;141;NA;0;0;0;0;0;0;0;0;No
38266_1#149;BSAC2;2014;144;NA;0;0;0;0;0;0;0;0;No
38266_1#344;BSAC2;2014;144;NA;0;0;0;0;0;0;0;0;No
38266_1#276;BSAC2;2014;1618;NA;0;0;0;0;0;0;0;0;No
38266_2#7;BSAC2;2014;1618;NA;0;0;0;0;0;0;0;0;No
38266_1#99;BSAC2;2014;1643;NA;0;0;0;0;0;0;0;0;No
38266_1#147;BSAC2;2014;2073;NA;0;0;0;0;0;0;0;0;No
38266_1#101;BSAC2;2014;23;NA;0;0;0;0;0;0;0;0;No
38266_1#307;BSAC2;2014;297;NA;0;0;0;0;0;0;0;0;No
38266_1#308;BSAC2;2014;357;NA;0;0;0;0;0;0;0;0;No
38266_1#156;BSAC2;2014;362;NA;0;0;0;0;0;0;0;0;No
38266_1#188;BSAC2;2014;372;NA;0;0;0;0;0;0;0;0;No
38266_1#350;BSAC2;2014;372;NA;0;0;0;0;0;0;0;0;No
38266_1#56;BSAC2;2014;38;NA;0;0;0;0;0;0;0;0;No
38266_1#150;BSAC2;2014;38;NA;0;0;0;1;0;0;0;0;yes
38266_1#378;BSAC2;2014;38;NA;0;0;0;0;0;0;0;0;No
38266_1#338;BSAC2;2014;394;NA;0;0;0;0;0;0;0;0;No
38266_1#88;BSAC2;2014;405;NA;0;0;0;1;0;0;0;0;yes
38266_1#116;BSAC2;2014;405;NA;0;0;0;0;0;0;0;0;No
38266_1#154;BSAC2;2014;428;NA;0;0;0;0;0;0;0;0;No
38266_1#122;BSAC2;2014;5360;NA;0;0;0;0;0;0;0;0;No
38266_1#145;BSAC2;2014;537;NA;0;0;0;0;0;0;0;0;No
38266_1#314;BSAC2;2014;550;NA;0;0;0;0;0;0;0;0;No
38266_1#148;BSAC2;2014;58;NA;0;0;0;0;0;0;0;0;No
38266_1#64;BSAC2;2014;59;NA;0;0;0;0;0;0;0;0;No
38266_1#126;BSAC2;2014;59;NA;0;0;0;0;0;0;0;0;No
38266_1#242;BSAC2;2014;59;NA;0;0;0;0;0;0;0;0;No
38266_1#103;BSAC2;2014;5924*;NA;0;0;0;0;0;0;0;0;No
38266_1#224;BSAC2;2014;617;NA;0;0;0;1;0;0;0;0;yes
38266_1#60;BSAC2;2014;62;NA;0;0;0;0;0;0;0;0;No
38266_1#184;BSAC2;2014;636;NA;0;0;0;0;0;0;0;0;No
38266_1#252;BSAC2;2014;683;NA;0;0;0;0;0;0;0;0;No
38266_1#81;BSAC2;2014;69;NA;0;0;0;0;0;0;0;0;No
38266_1#151;BSAC2;2014;69;NA;0;0;0;0;0;0;0;0;No
38266_1#152;BSAC2;2014;69;NA;0;0;0;0;0;0;0;0;No
38266_1#209;BSAC2;2014;69;NA;0;0;0;0;0;0;0;0;No
38266_1#254;BSAC2;2014;69;NA;0;0;0;0;0;0;0;0;No
38266_1#274;BSAC2;2014;69;NA;0;0;0;0;0;0;0;0;No
38266_1#288;BSAC2;2014;69;NA;0;0;0;0;0;0;0;0;No
38266_1#318;BSAC2;2014;69;NA;0;0;0;0;0;0;0;0;No
38266_1#343;BSAC2;2014;69;NA;0;0;0;0;0;0;0;0;No
38266_1#352;BSAC2;2014;69;NA;0;0;0;0;0;0;0;0;No
38266_1#32;BSAC2;2014;73;NA;0;0;0;0;0;0;0;0;No
38266_1#50;BSAC2;2014;73;NA;0;0;0;0;0;0;0;0;No
38266_1#79;BSAC2;2014;73;NA;0;0;0;0;0;0;0;0;No
38266_1#82;BSAC2;2014;73;NA;0;0;0;0;0;0;0;0;No
38266_1#94;BSAC2;2014;73;NA;0;0;0;0;0;0;0;0;No
38266_1#117;BSAC2;2014;73;NA;0;0;0;0;0;0;0;0;No
38266_1#124;BSAC2;2014;73;NA;0;0;0;0;0;0;0;0;No
38266_1#128;BSAC2;2014;73;NA;0;0;0;0;0;0;0;0;No
38266_1#158;BSAC2;2014;73;NA;0;0;0;0;0;0;0;0;No
38266_1#179;BSAC2;2014;73;NA;0;0;0;0;0;0;0;0;No
38266_1#182;BSAC2;2014;73;NA;0;0;0;0;0;0;0;0;No
38266_1#241;BSAC2;2014;73;NA;0;0;0;0;0;0;0;0;No
38266_1#250;BSAC2;2014;73;NA;0;0;0;0;0;0;0;0;No
38266_1#339;BSAC2;2014;73;NA;0;0;0;0;0;0;0;0;No
38266_1#341;BSAC2;2014;73;NA;0;0;0;0;0;0;0;0;No
38266_1#369;BSAC2;2014;73;NA;0;0;0;0;0;0;0;0;No
38266_1#373;BSAC2;2014;73;NA;0;0;0;0;0;0;0;0;No
38266_2#1;BSAC2;2014;73;NA;0;0;0;0;0;0;0;0;No
38266_2#3;BSAC2;2014;73;NA;0;0;0;0;0;0;0;0;No
38266_1#92;BSAC2;2014;75;NA;0;0;0;0;0;0;0;0;No
38266_1#52;BSAC2;2014;88;NA;0;0;0;0;0;0;0;0;No
38266_1#107;BSAC2;2014;95;NA;0;0;0;0;0;0;0;0;No
38266_1#118;BSAC2;2014;95;NA;0;0;0;1;0;0;0;0;yes
38266_1#177;BSAC2;2014;95;NA;0;0;0;0;0;0;0;0;No
38266_1#190;BSAC2;2014;95;NA;0;0;0;0;0;0;0;0;No
38266_1#243;BSAC2;2014;95;NA;0;0;0;0;0;0;0;0;No
38266_1#277;BSAC2;2014;95;NA;0;0;0;0;0;0;0;0;No
38266_1#286;BSAC2;2014;95;NA;0;0;0;0;0;0;0;0;No
38266_1#370;BSAC2;2014;95;NA;0;0;0;0;0;0;0;0;No
38266_1#279;BSAC2;2014;978;NA;0;0;0;0;0;0;0;0;No
38266_1#63;BSAC2;2013;106;NA;0;0;0;0;0;0;0;0;No
38266_1#189;BSAC2;2013;10909;NA;0;0;0;0;0;0;0;0;No
38266_1#19;BSAC2;2013;1155;NA;0;0;0;0;0;0;0;0;No
38266_1#144;BSAC2;2013;1193;NA;0;0;0;0;0;0;0;0;No
38266_1#29;BSAC2;2013;12;NA;0;0;0;0;0;0;0;0;No
38266_1#375;BSAC2;2013;12;NA;0;0;0;0;0;0;0;0;No
38266_1#313;BSAC2;2013;126;NA;0;0;0;0;0;0;0;0;No
38266_1#376;BSAC2;2013;1262;NA;0;0;0;0;0;0;0;0;No
38266_1#191;BSAC2;2013;127;NA;0;0;0;0;0;0;0;0;No
38266_1#17;BSAC2;2013;131;C2;0;0;0;1;0;0;0;0;yes
38266_1#22;BSAC2;2013;131;A;0;0;0;0;0;0;0;0;No
38266_1#51;BSAC2;2013;131;A;0;0;0;0;0;0;0;0;No
38266_1#89;BSAC2;2013;131;C2;0;0;0;0;0;0;0;0;No
38266_1#93;BSAC2;2013;131;C2;0;0;0;1;0;0;0;0;yes
38266_1#100;BSAC2;2013;131;C2;0;0;0;1;0;0;0;0;yes
38266_1#104;BSAC2;2013;131;C2;0;0;0;1;0;0;0;0;yes
38266_1#134;BSAC2;2013;131;A;0;0;0;0;0;0;0;0;No
38266_1#136;BSAC2;2013;131;C1;0;0;0;0;0;0;1;0;yes
38266_1#159;BSAC2;2013;131;C1;0;0;0;0;0;0;0;0;No
38266_1#217;BSAC2;2013;131;C1;0;0;0;0;0;0;0;0;No
38266_1#221;BSAC2;2013;131;C2;0;0;0;0;0;0;0;0;No
38266_1#249;BSAC2;2013;131;B;0;0;0;0;0;0;0;0;No
38266_1#251;BSAC2;2013;131;C2;0;0;0;0;0;0;0;0;No
38266_1#255;BSAC2;2013;131;C1;0;0;0;0;0;0;0;0;No
38266_1#262;BSAC2;2013;131;A;0;0;0;0;0;0;0;0;No
38266_1#266;BSAC2;2013;131;C2;0;0;0;1;0;0;0;0;yes
38266_1#283;BSAC2;2013;131;A;0;0;0;0;0;0;0;0;No
38266_1#285;BSAC2;2013;131;B;0;0;0;0;0;0;0;0;No
38266_1#287;BSAC2;2013;131;C1;0;0;0;0;0;1;0;0;yes
38266_1#326;BSAC2;2013;131;C2;0;0;0;0;0;0;0;0;No
38266_1#260;BSAC2;2013;131*;NA;0;0;0;1;0;0;0;0;yes
38266_1#298;BSAC2;2013;141;NA;0;0;0;0;0;0;0;0;No
38266_1#360;BSAC2;2013;141;NA;0;0;0;0;0;0;0;0;No
38266_1#26;BSAC2;2013;144;NA;0;0;0;0;0;0;0;0;No
38266_1#57;BSAC2;2013;162;NA;0;0;0;0;0;0;0;0;No
38266_1#281;BSAC2;2013;2015;NA;0;0;0;0;0;0;0;0;No
38266_1#315;BSAC2;2013;224;NA;0;0;0;0;0;0;0;0;No
38266_1#24;BSAC2;2013;23*;NA;0;0;0;0;0;0;0;0;No
38266_1#330;BSAC2;2013;362;NA;0;0;0;0;0;0;0;0;No
38266_1#319;BSAC2;2013;38;NA;0;0;0;0;0;0;0;0;No
38266_1#21;BSAC2;2013;393;NA;0;0;0;0;0;0;0;0;No
38266_1#317;BSAC2;2013;393;NA;0;0;0;0;0;0;0;0;No
38266_1#240;BSAC2;2013;394;NA;0;0;0;0;0;0;0;0;No
38266_1#125;BSAC2;2013;399;NA;0;0;0;0;0;0;0;0;No
38266_1#194;BSAC2;2013;404;NA;0;0;0;0;0;0;0;0;No
38266_1#368;BSAC2;2013;405;NA;0;0;0;0;0;0;0;0;No
38266_1#272;BSAC2;2013;450;NA;0;0;0;0;0;0;0;0;No
38266_1#61;BSAC2;2013;5523;NA;0;0;0;0;0;0;0;0;No
38266_1#127;BSAC2;2013;569;NA;0;0;0;0;0;0;0;0;No
38266_1#185;BSAC2;2013;58;NA;0;0;0;0;0;0;0;0;No
38266_1#53;BSAC2;2013;59;NA;0;0;0;0;0;0;0;0;No
38266_1#230;BSAC2;2013;59;NA;0;0;0;0;0;0;0;0;No
38266_1#332;BSAC2;2013;59;NA;0;0;0;0;0;0;0;0;No
38266_1#112;BSAC2;2013;648;NA;0;0;0;1;0;0;0;0;yes
38266_1#196;BSAC2;2013;648;NA;0;0;0;1;0;0;0;0;yes
38266_1#67;BSAC2;2013;69;NA;0;0;0;0;0;0;0;0;No
38266_1#98;BSAC2;2013;69;NA;0;0;0;0;0;0;0;0;No
38266_1#155;BSAC2;2013;69;NA;0;0;0;0;0;0;0;0;No
38266_1#157;BSAC2;2013;69;NA;0;0;0;0;0;0;0;0;No
38266_1#162;BSAC2;2013;69;NA;0;0;0;0;0;0;0;0;No
38266_1#166;BSAC2;2013;69;NA;0;0;0;0;0;0;0;0;No
38266_1#238;BSAC2;2013;69;NA;0;0;0;0;0;0;0;0;No
38266_1#300;BSAC2;2013;69;NA;0;0;0;0;0;0;0;0;No
38266_1#324;BSAC2;2013;69;NA;0;0;0;0;0;0;0;0;No
38266_1#362;BSAC2;2013;69;NA;0;0;0;0;0;0;0;0;No
38266_1#23;BSAC2;2013;73;NA;0;0;0;0;0;0;0;0;No
38266_1#31;BSAC2;2013;73;NA;0;0;0;0;0;0;0;0;No
38266_1#47;BSAC2;2013;73;NA;0;0;0;0;0;0;0;0;No
38266_1#49;BSAC2;2013;73;NA;0;0;0;0;0;0;0;0;No
38266_1#69;BSAC2;2013;73;NA;0;0;0;0;0;0;0;0;No
38266_1#91;BSAC2;2013;73;NA;0;0;0;0;0;0;0;0;No
38266_1#95;BSAC2;2013;73;NA;0;0;0;0;0;0;0;0;No
38266_1#121;BSAC2;2013;73;NA;0;0;0;0;0;0;0;0;No
38266_1#123;BSAC2;2013;73;NA;0;0;0;0;0;0;0;0;No
38266_1#130;BSAC2;2013;73;NA;0;0;0;0;0;0;0;0;No
38266_1#153;BSAC2;2013;73;NA;0;0;0;0;0;0;0;0;No
38266_1#168;BSAC2;2013;73;NA;0;0;0;0;0;0;0;0;No
38266_1#176;BSAC2;2013;73;NA;0;0;0;0;0;0;0;0;No
38266_1#187;BSAC2;2013;73;NA;0;0;0;0;0;0;0;0;No
38266_1#219;BSAC2;2013;73;NA;0;0;0;0;0;0;0;0;No
38266_1#226;BSAC2;2013;73;NA;0;0;0;0;0;0;0;0;No
38266_1#228;BSAC2;2013;73;NA;0;0;0;0;0;0;0;0;No
38266_1#253;BSAC2;2013;73;NA;0;0;0;0;0;0;0;0;No
38266_1#258;BSAC2;2013;73;NA;0;0;0;0;0;0;0;0;No
38266_1#290;BSAC2;2013;73;NA;0;0;0;0;0;0;0;0;No
38266_1#328;BSAC2;2013;73;NA;0;0;0;0;0;0;0;0;No
38266_1#55;BSAC2;2013;83;NA;0;0;0;0;0;0;0;0;No
38266_1#356;BSAC2;2013;88;NA;0;0;0;0;0;0;0;0;No
38266_1#164;BSAC2;2013;939;NA;0;0;0;0;0;0;0;0;No
38266_1#206;BSAC2;2013;95;NA;0;0;0;0;0;0;0;0;No
38266_1#223;BSAC2;2013;95;NA;0;0;0;0;0;0;0;0;No
38266_1#270;BSAC2;2013;95;NA;0;0;0;0;0;0;0;0;No
38266_1#296;BSAC2;2013;95;NA;0;0;0;0;0;0;0;0;No
38266_1#349;BSAC2;2013;95;NA;0;0;0;0;0;0;0;0;No
38266_1#354;BSAC2;2013;95;NA;0;0;0;0;0;0;0;0;No
38266_1#358;BSAC2;2013;95;NA;0;0;0;1;0;0;0;0;yes
38266_1#374;BSAC2;2013;95;NA;0;0;0;0;0;0;0;0;No
38266_1#132;BSAC2;2013;998;NA;0;0;0;0;0;0;0;0;No
38266_1#45;BSAC2;2013;999;NA;0;0;0;0;0;0;0;0;No
38266_1#74;BSAC2;2012;10;NA;0;0;0;0;0;0;0;0;No
38266_1#203;BSAC2;2012;10;NA;0;0;0;0;0;0;0;0;No
38266_1#304;BSAC2;2012;10;NA;0;0;0;0;0;0;0;0;No
38266_1#293;BSAC2;2012;101;NA;0;0;0;0;0;0;0;0;No
38266_1#261;BSAC2;2012;1057;NA;0;0;0;0;0;0;0;0;No
38266_1#110;BSAC2;2012;1193;NA;0;0;0;0;0;0;0;0;No
38266_1#108;BSAC2;2012;12;NA;0;0;0;0;0;0;0;0;No
38266_1#169;BSAC2;2012;12;NA;0;0;0;0;0;0;0;0;No
38266_1#237;BSAC2;2012;12;NA;0;0;0;0;0;0;0;0;No
38266_1#239;BSAC2;2012;12;NA;0;0;0;0;0;0;0;0;No
38266_1#269;BSAC2;2012;12;NA;0;0;0;0;0;0;0;0;No
38266_1#321;BSAC2;2012;12;NA;0;0;0;0;0;0;0;0;No
38266_1#363;BSAC2;2012;12;NA;0;0;0;0;0;0;0;0;No
38266_1#257;BSAC2;2012;127;NA;0;0;0;0;0;0;0;0;No
38266_1#271;BSAC2;2012;127;NA;0;0;0;0;0;0;0;0;No
38266_1#364;BSAC2;2012;127;NA;0;0;0;0;0;0;0;0;No
38266_1#1;BSAC2;2012;131;C2;0;0;0;0;0;0;0;0;No
38266_1#2;BSAC2;2012;131;C1;0;0;0;0;0;0;1;0;yes
38266_1#3;BSAC2;2012;131;B;0;0;0;0;0;0;0;0;No
38266_1#5;BSAC2;2012;131;C2;0;0;0;0;0;0;0;0;No
38266_1#11;BSAC2;2012;131;C2;0;0;0;0;0;0;0;0;No
38266_1#34;BSAC2;2012;131;C2;0;0;0;0;0;0;0;0;No
38266_1#36;BSAC2;2012;131;A;0;0;0;0;0;0;0;0;No
38266_1#138;BSAC2;2012;131;C2;0;0;0;1;0;0;0;0;yes
38266_1#165;BSAC2;2012;131;C2;0;0;0;0;0;0;0;0;No
38266_1#171;BSAC2;2012;131;C2;0;0;0;1;0;0;0;0;yes
38266_1#200;BSAC2;2012;131;C2;0;0;0;1;0;0;0;0;yes
38266_1#231;BSAC2;2012;131;C2;0;0;0;0;0;0;0;0;No
38266_1#236;BSAC2;2012;131;A;0;0;0;0;0;0;0;0;No
38266_1#265;BSAC2;2012;131;C2;0;0;0;1;0;0;0;0;yes
38266_1#267;BSAC2;2012;131;A;0;0;0;0;0;0;0;0;No
38266_1#289;BSAC2;2012;131;C2;0;0;0;0;0;0;0;0;No
38266_1#295;BSAC2;2012;131;C2;0;0;0;0;0;0;0;0;No
38266_1#333;BSAC2;2012;131;C2;0;0;0;0;0;0;0;0;No
38266_1#322;BSAC2;2012;1331?;NA;0;0;0;0;0;0;0;0;No
38266_1#327;BSAC2;2012;1333;NA;0;0;0;0;0;0;0;0;No
38266_1#357;BSAC2;2012;135;NA;0;0;0;0;0;0;0;0;No
38266_1#25;BSAC2;2012;14;NA;0;0;0;0;0;0;0;0;No
38266_1#43;BSAC2;2012;14;NA;0;0;0;0;0;0;0;0;No
38266_1#80;BSAC2;2012;14;NA;0;0;0;0;0;0;0;0;No
38266_1#233;BSAC2;2012;14;NA;0;0;0;0;0;0;0;0;No
38266_1#174;BSAC2;2012;141;NA;0;0;0;0;0;0;0;0;No
38266_1#353;BSAC2;2012;141*;NA;0;0;0;0;0;0;0;0;No
38266_1#33;BSAC2;2012;1485;NA;0;0;0;0;0;0;0;0;No
38266_1#37;BSAC2;2012;1876*;NA;0;0;0;0;0;0;0;0;No
38266_1#170;BSAC2;2012;354;NA;0;0;0;0;0;0;0;0;No
38266_1#366;BSAC2;2012;354;NA;0;0;0;0;0;0;0;0;No
38266_1#142;BSAC2;2012;357;NA;0;0;0;0;0;0;0;0;No
38266_1#27;BSAC2;2012;372;NA;0;0;0;0;0;0;0;0;No
38266_1#106;BSAC2;2012;372;NA;0;0;0;0;0;0;0;0;No
38266_1#234;BSAC2;2012;372;NA;0;0;0;0;0;0;0;0;No
38266_1#301;BSAC2;2012;372;NA;0;0;0;0;0;0;0;0;No
38266_1#13;BSAC2;2012;38;NA;0;0;0;0;0;0;0;0;No
38266_1#361;BSAC2;2012;38;NA;0;0;0;0;0;0;0;0;No
38266_1#325;BSAC2;2012;393;NA;0;0;0;0;0;0;0;0;No
38266_1#299;BSAC2;2012;404;NA;0;0;0;0;0;0;0;0;No
38266_1#359;BSAC2;2012;404;NA;0;0;0;0;0;0;0;0;No
38266_1#48;BSAC2;2012;409;NA;0;0;0;0;0;0;0;0;No
38266_1#163;BSAC2;2012;453;NA;0;0;0;0;0;0;0;0;No
38266_1#8;BSAC2;2012;491;NA;0;0;0;0;0;0;0;0;No
38266_1#14;BSAC2;2012;58;NA;0;0;0;0;0;0;0;0;No
38266_1#197;BSAC2;2012;59*;NA;0;0;0;0;0;0;0;0;No
38266_1#9;BSAC2;2012;602;NA;0;0;0;0;0;0;0;0;No
38266_1#227;BSAC2;2012;62;NA;0;0;0;0;0;0;0;0;No
38266_1#6;BSAC2;2012;648;NA;0;0;0;0;0;0;0;0;No
38266_1#229;BSAC2;2012;6630;NA;0;0;0;0;0;0;0;0;No
38266_1#40;BSAC2;2012;69;NA;0;0;0;0;0;0;0;0;No
38266_1#70;BSAC2;2012;69;NA;0;0;0;0;0;0;0;0;No
38266_1#172;BSAC2;2012;69;NA;0;0;0;0;0;0;0;0;No
38266_1#235;BSAC2;2012;69;NA;0;0;0;0;0;0;0;0;No
38266_1#259;BSAC2;2012;69;NA;0;0;0;0;0;0;0;0;No
38266_1#264;BSAC2;2012;69;NA;0;0;0;0;0;0;0;0;No
38266_1#294;BSAC2;2012;69;NA;0;0;0;0;0;0;0;0;No
38266_1#323;BSAC2;2012;69;NA;0;0;0;0;0;0;0;0;No
38266_1#201;BSAC2;2012;69*;NA;0;0;0;0;0;0;0;0;No
38266_1#4;BSAC2;2012;73;NA;0;0;0;0;0;0;0;0;No
38266_1#7;BSAC2;2012;73;NA;0;0;0;0;0;0;0;0;No
38266_1#38;BSAC2;2012;73;NA;0;0;0;0;0;0;0;0;No
38266_1#42;BSAC2;2012;73;NA;0;0;0;0;0;0;0;0;No
38266_1#65;BSAC2;2012;73;NA;0;0;0;0;0;0;0;0;No
38266_1#78;BSAC2;2012;73;NA;0;0;0;0;0;0;0;0;No
38266_1#140;BSAC2;2012;73;NA;0;0;0;0;0;0;0;0;No
38266_1#143;BSAC2;2012;73;NA;0;0;0;0;0;0;0;0;No
38266_1#167;BSAC2;2012;73;NA;0;0;0;0;0;0;0;0;No
38266_1#173;BSAC2;2012;73;NA;0;0;0;0;0;0;0;0;No
38266_1#175;BSAC2;2012;73;NA;0;0;0;0;0;0;0;0;No
38266_1#193;BSAC2;2012;73;NA;0;0;0;0;0;0;0;0;No
38266_1#195;BSAC2;2012;73;NA;0;0;0;0;0;0;0;0;No
38266_1#199;BSAC2;2012;73;NA;0;0;0;0;0;0;0;0;No
38266_1#232;BSAC2;2012;73;NA;0;0;0;0;0;0;0;0;No
38266_1#263;BSAC2;2012;73;NA;0;0;0;0;0;0;0;0;No
38266_1#291;BSAC2;2012;73;NA;0;0;0;0;0;0;0;0;No
38266_1#329;BSAC2;2012;73;NA;0;0;0;0;0;0;0;0;No
38266_1#334;BSAC2;2012;73;NA;0;0;0;0;0;0;0;0;No
38266_1#335;BSAC2;2012;73;NA;0;0;0;0;0;0;0;0;No
38266_1#355;BSAC2;2012;73;NA;0;0;0;0;0;0;0;0;No
38266_1#365;BSAC2;2012;73;NA;0;0;0;0;0;0;0;0;No
38266_1#292;BSAC2;2012;88;NA;0;0;0;0;0;0;0;0;No
38266_1#297;BSAC2;2012;88;NA;0;0;0;0;0;0;0;0;No
38266_1#15;BSAC2;2012;95;NA;0;0;0;0;0;0;0;0;No
38266_1#161;BSAC2;2012;95;NA;0;0;0;0;0;0;0;0;No
38266_1#202;BSAC2;2012;95;NA;0;0;0;0;0;0;0;0;No
38266_1#204;BSAC2;2012;95;NA;0;0;0;0;0;0;0;0;No
38266_1#205;BSAC2;2012;95;NA;0;0;0;0;0;0;0;0;No
38266_1#207;BSAC2;2012;95;NA;0;0;0;0;0;0;0;0;No
38266_1#303;BSAC2;2012;95;NA;0;0;0;0;0;0;0;0;No
38266_1#336;BSAC2;2012;95;NA;0;0;0;0;0;0;0;0;No
38266_1#35;BSAC2;2012;999;NA;0;0;0;0;0;0;0;0;No
38266_1#225;BSAC2;2012;NF;NA;0;0;0;0;0;0;0;0;No
11657_5#90;BSAC1;2011;10;NA;0;0;0;0;0;0;0;0;No
11658_3#84;BSAC1;2011;10;NA;0;0;0;0;0;0;0;0;No
11679_7#81;BSAC1;2011;10;NA;0;0;0;0;0;0;0;0;No
11679_8#94;BSAC1;2011;10;NA;0;0;0;0;0;0;0;0;No
11658_3#80;BSAC1;2011;12;NA;0;0;0;0;0;0;0;0;No
11658_5#96;BSAC1;2011;12;NA;0;0;0;0;0;0;0;0;No
11679_4#79;BSAC1;2011;12;NA;0;0;0;0;0;0;0;0;No
11679_4#80;BSAC1;2011;127;NA;0;0;0;0;0;0;0;0;No
11679_7#78;BSAC1;2011;127;NA;0;0;0;0;0;0;0;0;No
11657_5#89;BSAC1;2011;131;C2;0;0;0;1;0;0;0;0;yes
11657_5#92;BSAC1;2011;131;C0;0;0;0;0;0;0;0;0;No
11658_3#94;BSAC1;2011;131;C2;0;0;0;1;0;0;0;0;yes
11658_7#86;BSAC1;2011;131;C1;0;0;0;0;0;1;0;0;yes
11658_7#90;BSAC1;2011;131;C2;0;0;0;0;0;0;0;0;No
11658_7#93;BSAC1;2011;131;C2;0;0;0;1;0;0;0;0;yes
11679_4#89;BSAC1;2011;131;C2;0;0;0;1;0;0;0;0;yes
11679_4#95;BSAC1;2011;131;C2;0;0;0;1;0;0;0;0;yes
11679_5#77;BSAC1;2011;131;B;0;0;0;0;0;0;0;0;No
11679_5#94;BSAC1;2011;131;C2;0;0;0;1;0;0;0;0;yes
11679_6#94;BSAC1;2011;131;C2;0;0;0;1;0;0;0;0;yes
11679_6#95;BSAC1;2011;131;C2;0;0;0;1;0;0;0;0;yes
11679_7#85;BSAC1;2011;131;B;0;0;0;0;0;0;0;0;No
11679_7#86;BSAC1;2011;131;A;0;0;0;0;0;0;0;0;No
11679_7#87;BSAC1;2011;131;B;0;0;0;0;0;0;0;0;No
11679_7#93;BSAC1;2011;131;C2;0;0;0;0;0;0;0;0;No
11791_6#37;BSAC1;2011;131;C1;0;0;0;0;0;0;0;0;No
11679_8#91;BSAC1;2011;141;NA;0;0;0;0;0;0;0;0;No
11679_8#93;BSAC1;2011;141;NA;0;0;0;0;0;0;0;0;No
11679_4#82;BSAC1;2011;1618;NA;0;0;0;0;0;0;0;0;No
11657_5#91;BSAC1;2011;372;NA;0;0;0;0;0;0;0;0;No
11679_4#81;BSAC1;2011;372;NA;0;0;0;0;0;0;0;0;No
11658_3#78;BSAC1;2011;38;NA;0;0;0;0;0;0;0;0;No
11679_8#95;BSAC1;2011;38;NA;0;0;0;0;0;0;0;0;No
11791_6#38;BSAC1;2011;38;NA;0;0;0;0;0;0;0;0;No
11791_3#94;BSAC1;2011;394;NA;0;0;0;0;0;0;0;0;No
11658_7#94;BSAC1;2011;398;NA;0;0;0;0;0;0;0;0;No
11679_7#77;BSAC1;2011;405;NA;0;0;0;0;0;0;0;0;No
11679_7#92;BSAC1;2011;405;NA;0;0;0;0;0;0;0;0;No
11679_6#80;BSAC1;2011;410;NA;0;0;0;0;0;0;0;0;No
11658_7#88;BSAC1;2011;421;NA;0;0;0;0;0;0;0;0;No
11658_6#96;BSAC1;2011;448;NA;0;0;0;0;0;0;0;0;No
11658_4#93;BSAC1;2011;450;NA;0;0;0;0;0;0;0;0;No
11658_7#96;BSAC1;2011;48;NA;0;0;0;0;0;0;0;0;No
11679_4#84;BSAC1;2011;538;NA;0;0;0;0;0;0;0;0;No
11791_7#68;BSAC1;2011;567;NA;0;0;0;0;0;0;0;0;No
11657_5#93;BSAC1;2011;58;NA;0;0;0;0;0;0;0;0;No
11658_7#91;BSAC1;2011;58;NA;0;0;0;0;0;0;0;0;No
11679_5#85;BSAC1;2011;59;NA;0;0;0;0;0;0;0;0;No
11658_7#85;BSAC1;2011;617;NA;0;0;0;1;0;0;0;0;yes
11679_6#89;BSAC1;2011;62;NA;0;0;0;0;0;0;0;0;No
11679_8#92;BSAC1;2011;648;NA;0;0;0;0;0;0;0;0;No
11657_6#84;BSAC1;2011;69;NA;0;0;0;0;0;0;0;0;No
11679_5#76;BSAC1;2011;69;NA;0;0;0;0;0;0;0;0;No
11679_5#95;BSAC1;2011;69;NA;0;0;0;0;0;0;0;0;No
11679_6#79;BSAC1;2011;69;NA;0;0;0;0;0;0;0;0;No
11679_6#82;BSAC1;2011;69;NA;0;0;0;0;0;0;0;0;No
11679_8#79;BSAC1;2011;69;NA;0;0;0;0;0;0;0;0;No
11791_3#66;BSAC1;2011;69;NA;0;0;0;0;0;0;0;0;No
11657_5#86;BSAC1;2011;73;NA;0;0;0;0;0;0;0;0;No
11657_5#87;BSAC1;2011;73;NA;0;0;0;0;0;0;0;0;No
11657_6#87;BSAC1;2011;73;NA;0;0;0;0;0;0;0;0;No
11658_3#79;BSAC1;2011;73;NA;0;0;0;0;0;0;0;0;No
11658_3#81;BSAC1;2011;73;NA;0;0;0;0;0;0;0;0;No
11658_3#82;BSAC1;2011;73;NA;0;0;0;0;0;0;0;0;No
11658_3#83;BSAC1;2011;73;NA;0;0;0;0;0;0;0;0;No
11658_3#93;BSAC1;2011;73;NA;0;0;0;0;0;0;0;0;No
11658_4#90;BSAC1;2011;73;NA;0;0;0;0;0;0;0;0;No
11658_4#95;BSAC1;2011;73;NA;0;0;0;0;0;0;0;0;No
11658_7#87;BSAC1;2011;73;NA;0;0;0;0;0;0;0;0;No
11658_7#92;BSAC1;2011;73;NA;0;0;0;0;0;0;0;0;No
11658_7#95;BSAC1;2011;73;NA;0;0;0;0;0;0;0;0;No
11679_4#83;BSAC1;2011;73;NA;0;0;0;0;0;0;0;0;No
11679_6#81;BSAC1;2011;73;NA;0;0;0;0;0;0;0;0;No
11679_7#79;BSAC1;2011;73;NA;0;0;0;0;0;0;0;0;No
11679_7#80;BSAC1;2011;73;NA;0;0;0;0;0;0;0;0;No
11679_7#94;BSAC1;2011;73;NA;0;0;0;0;0;0;0;0;No
11679_8#78;BSAC1;2011;73;NA;0;0;0;0;0;0;0;0;No
11791_6#39;BSAC1;2011;73;NA;0;0;0;0;0;0;0;0;No
11679_7#76;BSAC1;2011;83;NA;0;0;0;0;0;0;0;0;No
11679_5#78;BSAC1;2011;88;NA;0;0;0;0;0;0;0;0;No
11679_8#80;BSAC1;2011;88;NA;0;0;0;0;0;0;0;0;No
11657_5#88;BSAC1;2011;95;NA;0;0;0;0;0;0;0;0;No
11657_5#96;BSAC1;2011;95;NA;0;0;0;0;0;0;0;0;No
11657_6#82;BSAC1;2011;95;NA;0;0;0;0;0;0;0;0;No
11657_6#85;BSAC1;2011;95;NA;0;0;0;0;0;0;0;0;No
11657_6#86;BSAC1;2011;95;NA;0;0;0;0;0;0;0;0;No
11657_7#88;BSAC1;2011;95;NA;0;0;0;0;0;0;0;0;No
11657_7#90;BSAC1;2011;95;NA;0;0;0;0;0;0;0;0;No
11658_4#91;BSAC1;2011;95;NA;0;0;0;0;0;0;0;0;No
11658_7#84;BSAC1;2011;95;NA;0;0;0;0;0;0;0;0;No
11658_7#89;BSAC1;2011;95;NA;0;0;0;0;0;0;0;0;No
11679_4#90;BSAC1;2011;95;NA;0;0;0;0;0;0;0;0;No
11679_5#84;BSAC1;2011;95;NA;0;0;0;0;0;0;0;0;No
11679_5#86;BSAC1;2011;95;NA;0;0;0;0;0;0;0;0;No
11679_5#91;BSAC1;2011;95;NA;0;0;0;0;0;0;0;0;No
11791_3#86;BSAC1;2011;95;NA;0;0;0;0;0;0;0;0;No
11791_6#36;BSAC1;2011;95;NA;0;0;0;0;0;0;0;0;No
11657_7#92;BSAC1;2011;973;NA;0;0;0;0;0;0;0;0;No
11791_7#69;BSAC1;2011;973;NA;0;0;0;0;0;0;0;0;No
11679_5#79;BSAC1;2011;998;NA;0;0;0;0;0;0;0;0;No
11791_3#82;BSAC1;2010;10;NA;0;0;0;0;0;0;0;0;No
11679_7#71;BSAC1;2010;104;NA;0;0;0;0;0;0;0;0;No
11658_4#88;BSAC1;2010;117;NA;0;0;0;0;0;0;0;0;No
11679_7#75;BSAC1;2010;117;NA;0;0;0;0;0;0;0;0;No
11679_8#73;BSAC1;2010;117;NA;0;0;0;0;0;0;0;0;No
11657_6#74;BSAC1;2010;12;NA;0;0;0;0;0;0;0;0;No
11657_6#77;BSAC1;2010;12;NA;0;0;0;0;0;0;0;0;No
11657_7#84;BSAC1;2010;12;NA;0;0;0;0;0;0;0;0;No
11658_4#82;BSAC1;2010;12;NA;0;0;0;0;0;0;0;0;No
11658_8#95;BSAC1;2010;12;NA;0;0;0;0;0;0;0;0;No
11679_5#70;BSAC1;2010;12;NA;0;0;0;0;0;0;0;0;No
11679_8#88;BSAC1;2010;12;NA;0;0;0;0;0;0;0;0;No
11791_7#67;BSAC1;2010;12;NA;0;0;0;0;0;0;0;0;No
11679_5#75;BSAC1;2010;127;NA;0;0;0;0;0;0;0;0;No
11679_6#76;BSAC1;2010;127;NA;0;0;0;0;0;0;0;0;No
11679_6#77;BSAC1;2010;127;NA;0;0;0;0;0;0;0;0;No
11679_6#88;BSAC1;2010;127;NA;0;0;0;0;0;0;0;0;No
11657_5#80;BSAC1;2010;131;C2;0;0;0;0;0;0;0;0;No
11657_6#96;BSAC1;2010;131;A;0;0;0;0;0;0;0;0;No
11658_3#70;BSAC1;2010;131;B;0;0;0;0;0;0;0;0;No
11658_3#74;BSAC1;2010;131;C2;0;0;0;0;0;0;0;0;No
11658_4#85;BSAC1;2010;131;C2;0;0;0;0;0;0;0;0;No
11658_7#78;BSAC1;2010;131;C2;0;0;0;1;0;0;0;0;yes
11679_7#70;BSAC1;2010;131;C2;0;0;0;0;0;0;0;0;No
11679_8#74;BSAC1;2010;131;B;0;0;0;0;0;0;0;0;No
11658_4#92;BSAC1;2010;1394;NA;0;0;0;0;0;0;0;0;No
11658_3#76;BSAC1;2010;14;NA;0;0;0;0;0;0;0;0;No
11658_7#79;BSAC1;2010;14;NA;0;0;0;0;0;0;0;0;No
11679_5#73;BSAC1;2010;14;NA;0;0;0;0;0;0;0;0;No
11658_4#84;BSAC1;2010;141;NA;0;0;0;0;0;0;0;0;No
11658_5#95;BSAC1;2010;141;NA;0;0;0;0;0;0;0;0;No
11657_5#85;BSAC1;2010;1423;NA;0;0;0;0;0;0;0;0;No
11658_4#83;BSAC1;2010;144;NA;0;0;0;0;0;0;0;0;No
11657_6#80;BSAC1;2010;1618;NA;0;0;0;0;0;0;0;0;No
11791_7#66;BSAC1;2010;167;NA;0;0;0;0;0;0;0;0;No
11657_6#83;BSAC1;2010;1972;NA;0;0;0;0;0;0;0;0;No
11658_4#87;BSAC1;2010;2914;NA;0;0;0;0;0;0;0;0;No
11658_3#77;BSAC1;2010;3290;NA;0;0;0;0;0;0;0;0;No
11657_5#81;BSAC1;2010;357;NA;0;0;0;0;0;0;0;0;No
11658_7#80;BSAC1;2010;38;NA;0;0;0;0;0;0;0;0;No
11679_5#92;BSAC1;2010;393;NA;0;0;0;0;0;0;0;0;No
11791_6#33;BSAC1;2010;393;NA;0;0;0;0;0;0;0;0;No
11657_6#76;BSAC1;2010;404;NA;0;0;0;0;0;0;0;0;No
11791_6#34;BSAC1;2010;404;NA;0;0;0;0;0;0;0;0;No
11679_5#69;BSAC1;2010;415;NA;0;0;0;0;0;0;0;0;No
11679_4#76;BSAC1;2010;446;NA;0;0;0;0;0;0;0;0;No
11657_7#85;BSAC1;2010;453;NA;0;0;0;0;0;0;0;0;No
11658_3#73;BSAC1;2010;537;NA;0;0;0;0;0;0;0;0;No
11679_7#73;BSAC1;2010;538;NA;0;0;0;0;0;0;0;0;No
11679_5#68;BSAC1;2010;5491;NA;0;0;0;1;0;0;0;0;yes
11657_7#86;BSAC1;2010;5661;NA;0;0;0;0;0;0;0;0;No
11679_6#73;BSAC1;2010;58;NA;0;0;0;0;0;0;0;0;No
11658_4#86;BSAC1;2010;59;NA;0;0;0;0;0;0;0;0;No
11679_4#78;BSAC1;2010;62;NA;0;0;0;0;0;0;0;0;No
11679_5#74;BSAC1;2010;62;NA;0;0;0;0;0;0;0;0;No
11679_7#95;BSAC1;2010;641;NA;0;0;0;0;0;0;0;0;No
11658_3#72;BSAC1;2010;69;NA;0;0;0;0;0;0;0;0;No
11679_4#73;BSAC1;2010;69;NA;0;0;0;0;0;0;0;0;No
11679_6#75;BSAC1;2010;69;NA;0;0;0;0;0;0;0;0;No
11679_8#76;BSAC1;2010;69;NA;0;0;0;0;0;0;0;0;No
11657_5#78;BSAC1;2010;73;NA;0;0;0;0;0;0;0;0;No
11657_6#78;BSAC1;2010;73;NA;0;0;0;0;0;0;0;0;No
11657_6#79;BSAC1;2010;73;NA;0;0;0;0;0;0;0;0;No
11657_6#81;BSAC1;2010;73;NA;0;0;0;0;0;0;0;0;No
11658_3#71;BSAC1;2010;73;NA;0;0;0;0;0;0;0;0;No
11658_3#75;BSAC1;2010;73;NA;0;0;0;0;0;0;0;0;No
11658_3#85;BSAC1;2010;73;NA;0;0;0;0;0;0;0;0;No
11658_6#94;BSAC1;2010;73;NA;0;0;0;0;0;0;0;0;No
11658_6#95;BSAC1;2010;73;NA;0;0;0;0;0;0;0;0;No
11658_7#82;BSAC1;2010;73;NA;0;0;0;0;0;0;0;0;No
11679_4#75;BSAC1;2010;73;NA;0;0;0;0;0;0;0;0;No
11679_7#74;BSAC1;2010;73;NA;0;0;0;0;0;0;0;0;No
11791_3#89;BSAC1;2010;73;NA;0;0;0;0;0;0;0;0;No
11679_7#72;BSAC1;2010;74;NA;0;0;0;0;0;0;0;0;No
11679_4#74;BSAC1;2010;80;NA;0;0;0;0;0;0;0;0;No
11679_5#72;BSAC1;2010;80;NA;0;0;0;0;0;0;0;0;No
11679_8#77;BSAC1;2010;80;NA;0;0;0;0;0;0;0;0;No
11657_7#87;BSAC1;2010;88;NA;0;0;0;0;0;0;0;0;No
11679_8#75;BSAC1;2010;90;NA;0;0;0;0;0;0;0;0;No
11679_6#78;BSAC1;2010;91;NA;0;0;0;0;0;0;0;0;No
11657_5#79;BSAC1;2010;95;NA;0;0;0;0;0;0;0;0;No
11657_5#84;BSAC1;2010;95;NA;0;0;0;0;0;0;0;0;No
11658_7#81;BSAC1;2010;95;NA;0;0;0;0;0;0;0;0;No
11679_4#77;BSAC1;2010;95;NA;0;0;0;0;0;0;0;0;No
11679_6#74;BSAC1;2010;95;NA;0;0;0;0;0;0;0;0;No
11679_7#91;BSAC1;2010;95;NA;0;0;0;0;0;0;0;0;No
11679_5#71;BSAC1;2010;998;NA;0;0;0;0;0;0;0;0;No
11658_4#78;BSAC1;2009;10;NA;0;0;0;0;0;0;0;0;No
11658_8#96;BSAC1;2009;10;NA;0;0;0;0;0;0;0;0;No
11791_3#93;BSAC1;2009;10;NA;0;0;0;0;0;0;0;0;No
11679_5#67;BSAC1;2009;117;NA;0;0;0;0;0;0;0;0;No
11657_7#83;BSAC1;2009;12;NA;0;0;0;0;0;0;0;0;No
11658_7#77;BSAC1;2009;12;NA;0;0;0;0;0;0;0;0;No
11679_7#68;BSAC1;2009;12;NA;0;0;0;0;0;0;0;0;No
11679_7#96;BSAC1;2009;12;NA;0;0;0;0;0;0;0;0;No
11791_3#96;BSAC1;2009;12;NA;0;0;0;0;0;0;0;0;No
11791_6#28;BSAC1;2009;12;NA;0;0;0;0;0;0;0;0;No
11657_6#56;BSAC1;2009;1262;NA;0;0;0;0;0;0;0;0;No
11657_7#80;BSAC1;2009;127;NA;0;0;0;0;0;0;0;0;No
11679_4#70;BSAC1;2009;127;NA;0;0;0;0;0;0;0;0;No
11679_5#60;BSAC1;2009;127;NA;0;0;0;0;0;0;0;0;No
11679_8#72;BSAC1;2009;127;NA;0;0;0;0;0;0;0;0;No
11657_6#72;BSAC1;2009;131;C1;0;0;0;0;0;0;0;0;No
11657_7#55;BSAC1;2009;131;C1;0;0;0;0;0;0;0;0;No
11657_7#73;BSAC1;2009;131;C2;0;0;0;0;0;0;0;0;No
11657_7#77;BSAC1;2009;131;B0;0;0;0;0;0;0;0;0;No
11657_7#95;BSAC1;2009;131;C2;0;0;0;0;0;0;0;0;No
11658_4#74;BSAC1;2009;131;C2;0;0;0;1;0;0;0;0;yes
11658_4#80;BSAC1;2009;131;C2;0;0;0;1;0;0;0;0;yes
11658_4#81;BSAC1;2009;131;C2;0;0;0;1;0;0;0;0;yes
11658_6#92;BSAC1;2009;131;B;0;0;0;0;0;0;0;0;No
11658_8#93;BSAC1;2009;131;C2;0;0;0;1;0;0;0;0;yes
11679_7#42;BSAC1;2009;131;C2;0;0;0;0;0;0;0;0;No
11679_7#54;BSAC1;2009;131;C2;0;0;0;1;0;0;0;0;yes
11679_8#70;BSAC1;2009;131;B0;0;0;0;0;0;0;0;0;No
11679_8#87;BSAC1;2009;131;B;0;0;0;0;0;0;0;0;No
11791_3#58;BSAC1;2009;131;B;0;0;0;0;0;0;0;0;No
11791_6#30;BSAC1;2009;131;C2;0;0;0;0;0;0;0;0;No
11791_6#32;BSAC1;2009;131;C2;0;0;0;0;0;0;0;0;No
11658_6#93;BSAC1;2009;14;NA;0;0;0;0;0;0;0;0;No
11679_7#69;BSAC1;2009;141;NA;0;0;0;0;0;0;0;0;No
11658_4#75;BSAC1;2009;144;NA;0;0;0;0;0;0;0;0;No
11679_6#96;BSAC1;2009;1442;NA;0;0;0;0;0;0;0;0;No
11679_6#71;BSAC1;2009;162;NA;0;0;0;0;0;0;0;0;No
11658_5#93;BSAC1;2009;2020;NA;0;0;0;0;0;0;0;0;No
11657_7#94;BSAC1;2009;2253;NA;0;0;0;0;0;0;0;0;No
11657_7#91;BSAC1;2009;2307;NA;0;0;0;0;0;0;0;0;No
11791_3#85;BSAC1;2009;345;NA;0;0;0;0;0;0;0;0;No
11658_7#83;BSAC1;2009;349;NA;0;0;0;0;0;0;0;0;No
11658_4#89;BSAC1;2009;357;NA;0;0;0;0;0;0;0;0;No
11658_8#94;BSAC1;2009;38;NA;0;0;0;0;0;0;0;0;No
11791_6#35;BSAC1;2009;38;NA;0;0;0;0;0;0;0;0;No
11658_3#58;BSAC1;2009;393;NA;0;0;0;0;0;0;0;0;No
11791_3#83;BSAC1;2009;393;NA;0;0;0;0;0;0;0;0;No
11658_3#69;BSAC1;2009;394;NA;0;0;0;0;0;0;0;0;No
11791_3#84;BSAC1;2009;404;NA;0;0;0;0;0;0;0;0;No
11657_5#76;BSAC1;2009;405;NA;0;0;0;0;0;0;0;0;No
11657_7#81;BSAC1;2009;405;NA;0;0;0;0;0;0;0;0;No
11658_5#92;BSAC1;2009;405;NA;0;0;0;0;0;0;0;0;No
11657_6#70;BSAC1;2009;409;NA;0;0;0;0;0;0;0;0;No
11657_6#75;BSAC1;2009;415;NA;0;0;0;0;0;0;0;0;No
11658_3#88;BSAC1;2009;428;NA;0;0;0;0;0;0;0;0;No
11657_5#95;BSAC1;2009;453;NA;0;0;0;0;0;0;0;0;No
11679_7#67;BSAC1;2009;5328;NA;0;0;0;0;0;0;0;0;No
11658_3#45;BSAC1;2009;540;NA;0;0;0;0;0;0;0;0;No
11657_7#72;BSAC1;2009;5604;NA;0;0;0;0;0;0;0;0;No
11679_6#70;BSAC1;2009;5639;NA;0;0;0;0;0;0;0;0;No
11658_7#75;BSAC1;2009;59;NA;0;0;0;0;0;0;0;0;No
11679_7#61;BSAC1;2009;648;NA;0;0;0;0;0;0;0;0;No
11791_3#64;BSAC1;2009;648;NA;0;0;0;0;0;0;0;0;No
11679_7#64;BSAC1;2009;657;NA;0;0;0;0;0;0;0;0;No
11657_5#77;BSAC1;2009;676;NA;0;0;0;0;0;0;0;0;No
11791_3#79;BSAC1;2009;680;NA;0;0;0;0;0;0;0;0;No
11658_3#68;BSAC1;2009;69;NA;0;0;0;0;0;0;0;0;No
11658_5#94;BSAC1;2009;69;NA;0;0;0;0;0;0;0;0;No
11658_7#76;BSAC1;2009;69;NA;0;0;0;0;0;0;0;0;No
11679_5#66;BSAC1;2009;69;NA;0;0;0;0;0;0;0;0;No
11679_5#93;BSAC1;2009;69;NA;0;0;0;0;0;0;0;0;No
11679_7#83;BSAC1;2009;69;NA;0;0;0;0;0;0;0;0;No
11679_7#84;BSAC1;2009;69;NA;0;0;0;0;0;0;0;0;No
11791_3#65;BSAC1;2009;69;NA;0;0;0;0;0;0;0;0;No
11791_3#80;BSAC1;2009;69;NA;0;0;0;0;0;0;0;0;No
11657_5#75;BSAC1;2009;73;NA;0;0;0;0;0;0;0;0;No
11657_5#82;BSAC1;2009;73;NA;0;0;0;0;0;0;0;0;No
11657_5#83;BSAC1;2009;73;NA;0;0;0;0;0;0;0;0;No
11657_6#73;BSAC1;2009;73;NA;0;0;0;0;0;0;0;0;No
11657_7#96;BSAC1;2009;73;NA;0;0;0;0;0;0;0;0;No
11658_3#66;BSAC1;2009;73;NA;0;0;0;0;0;0;0;0;No
11658_3#67;BSAC1;2009;73;NA;0;0;0;0;0;0;0;0;No
11658_4#79;BSAC1;2009;73;NA;0;0;0;0;0;0;0;0;No
11679_4#71;BSAC1;2009;73;NA;0;0;0;0;0;0;0;0;No
11679_4#94;BSAC1;2009;73;NA;0;0;0;0;0;0;0;0;No
11679_5#64;BSAC1;2009;73;NA;0;0;0;0;0;0;0;0;No
11679_5#65;BSAC1;2009;73;NA;0;0;0;0;0;0;0;0;No
11679_7#63;BSAC1;2009;73;NA;0;0;0;0;0;0;0;0;No
11791_7#65;BSAC1;2009;73;NA;0;0;0;0;0;0;0;0;No
11657_7#82;BSAC1;2009;80;NA;0;0;0;0;0;0;0;0;No
11679_7#66;BSAC1;2009;80;NA;0;0;0;0;0;0;0;0;No
11679_8#71;BSAC1;2009;86;NA;0;0;0;0;0;0;0;0;No
11679_6#72;BSAC1;2009;88;NA;0;0;0;0;0;0;0;0;No
11679_7#65;BSAC1;2009;88;NA;0;0;0;0;0;0;0;0;No
11657_6#71;BSAC1;2009;95;NA;0;0;0;0;0;0;0;0;No
11657_6#95;BSAC1;2009;95;NA;0;0;0;0;0;0;0;0;No
11658_3#96;BSAC1;2009;95;NA;0;0;0;0;0;0;0;0;No
11658_7#73;BSAC1;2009;95;NA;0;0;0;0;0;0;0;0;No
11679_4#72;BSAC1;2009;95;NA;0;0;0;0;0;0;0;0;No
11679_4#88;BSAC1;2009;95;NA;0;0;0;0;0;0;0;0;No
11657_6#68;BSAC1;2008;10;NA;0;0;0;0;0;0;0;0;No
11658_7#72;BSAC1;2008;10;NA;0;0;0;0;0;0;0;0;No
11679_5#58;BSAC1;2008;106;NA;0;0;0;0;0;0;0;0;No
11679_6#52;BSAC1;2008;106;NA;0;0;0;0;0;0;0;0;No
11657_5#73;BSAC1;2008;12;NA;0;0;0;0;0;0;0;0;No
11657_7#93;BSAC1;2008;12;NA;0;0;0;0;0;0;0;0;No
11658_3#62;BSAC1;2008;12;NA;0;0;0;0;0;0;0;0;No
11679_6#53;BSAC1;2008;12;NA;0;0;0;0;0;0;0;0;No
11791_3#57;BSAC1;2008;12;NA;0;0;0;0;0;0;0;0;No
11791_3#78;BSAC1;2008;12;NA;0;0;0;0;0;0;0;0;No
11679_5#88;BSAC1;2008;127;NA;0;0;0;0;0;0;0;0;No
11657_5#61;BSAC1;2008;131;C2;0;0;0;1;0;0;0;0;yes
11657_5#94;BSAC1;2008;131;B;0;0;0;0;0;0;0;0;No
11657_6#67;BSAC1;2008;131;C2;0;0;0;1;0;0;0;0;yes
11657_6#91;BSAC1;2008;131;C2;0;0;0;1;0;0;0;0;yes
11657_7#58;BSAC1;2008;131;C2;0;0;0;1;0;0;0;0;yes
11657_7#59;BSAC1;2008;131;C0;0;0;0;0;0;0;0;0;No
11657_7#78;BSAC1;2008;131;C2;0;0;0;0;0;0;0;0;No
11658_4#77;BSAC1;2008;131;C2;0;0;0;0;0;0;0;0;No
11658_6#91;BSAC1;2008;131;C2;0;0;0;1;0;0;0;0;yes
11679_4#52;BSAC1;2008;131;C2;0;0;0;1;0;0;0;0;yes
11679_4#54;BSAC1;2008;131;C2;0;0;0;1;0;0;0;0;yes
11679_4#66;BSAC1;2008;131;C2;0;0;0;0;0;0;0;0;No
11679_5#57;BSAC1;2008;131;A;0;0;0;0;0;0;0;0;No
11679_5#90;BSAC1;2008;131;B;0;0;0;0;0;0;0;0;No
11679_6#93;BSAC1;2008;131;C2;0;0;0;1;0;0;0;0;yes
11679_7#44;BSAC1;2008;131;C2;0;0;0;1;0;0;0;0;yes
11679_7#58;BSAC1;2008;131;C1;0;0;0;0;0;0;0;0;No
11679_8#84;BSAC1;2008;131;B;0;0;0;0;0;0;0;0;No
11679_8#85;BSAC1;2008;131;C1;0;0;0;0;0;0;0;0;No
11791_3#81;BSAC1;2008;131;C2;0;0;0;0;0;0;0;0;No
11791_3#92;BSAC1;2008;131;B;0;0;0;0;0;0;0;0;No
11658_3#44;BSAC1;2008;141;NA;0;0;0;0;0;0;0;0;No
11658_3#61;BSAC1;2008;141;NA;0;0;0;0;0;0;0;0;No
11658_3#92;BSAC1;2008;144;NA;0;0;0;0;0;0;0;0;No
12045_3#62;BSAC1;2008;144;NA;0;0;0;0;0;0;0;0;No
11679_8#65;BSAC1;2008;349;NA;0;0;0;0;0;0;0;0;No
11657_7#79;BSAC1;2008;352;NA;0;0;0;0;0;0;0;0;No
11679_5#45;BSAC1;2008;357;NA;0;0;0;0;0;0;0;0;No
11679_6#66;BSAC1;2008;362;NA;0;0;0;0;0;0;0;0;No
11679_5#89;BSAC1;2008;372;NA;0;0;0;0;0;0;0;0;No
11657_6#69;BSAC1;2008;38;NA;0;0;0;0;0;0;0;0;No
11679_7#43;BSAC1;2008;38;NA;0;0;0;0;0;0;0;0;No
11791_6#29;BSAC1;2008;38;NA;0;0;0;1;0;0;0;0;yes
11657_7#75;BSAC1;2008;393;NA;0;0;0;0;0;0;0;0;No
11791_6#27;BSAC1;2008;393;NA;0;0;0;0;0;0;0;0;No
11658_3#89;BSAC1;2008;394;NA;0;0;0;0;0;0;0;0;No
11679_8#64;BSAC1;2008;405;NA;0;0;0;1;0;0;0;0;yes
11679_6#54;BSAC1;2008;421;NA;0;0;0;0;0;0;0;0;No
11679_7#55;BSAC1;2008;421;NA;0;0;0;0;0;0;0;0;No
11791_3#55;BSAC1;2008;443;NA;0;0;0;0;0;0;0;0;No
11657_5#74;BSAC1;2008;538;NA;0;0;0;0;0;0;0;0;No
11679_7#45;BSAC1;2008;5383;NA;0;0;0;0;0;0;0;0;No
11658_4#76;BSAC1;2008;540;NA;0;0;0;0;0;0;0;0;No
11658_7#74;BSAC1;2008;540;NA;0;0;0;0;0;0;0;0;No
11679_6#64;BSAC1;2008;5470;NA;0;0;0;0;0;0;0;0;No
11658_3#60;BSAC1;2008;569;NA;0;0;0;0;0;0;0;0;No
11679_7#56;BSAC1;2008;58;NA;0;0;0;0;0;0;0;0;No
11657_5#71;BSAC1;2008;59;NA;0;0;0;0;0;0;0;0;No
11658_4#73;BSAC1;2008;62;NA;0;0;0;0;0;0;0;0;No
11679_5#63;BSAC1;2008;62;NA;0;0;0;0;0;0;0;0;No
11679_6#68;BSAC1;2008;648;NA;0;0;0;0;0;0;0;0;No
11658_4#70;BSAC1;2008;69;NA;0;0;0;0;0;0;0;0;No
11679_4#65;BSAC1;2008;69;NA;0;0;0;0;0;0;0;0;No
11679_4#87;BSAC1;2008;69;NA;0;0;0;0;0;0;0;0;No
11679_7#90;BSAC1;2008;69;NA;0;0;0;0;0;0;0;0;No
11679_8#69;BSAC1;2008;69;NA;0;0;0;0;0;0;0;0;No
11657_5#72;BSAC1;2008;73;NA;0;0;0;0;0;0;0;0;No
11657_7#60;BSAC1;2008;73;NA;0;0;0;0;0;0;0;0;No
11657_7#67;BSAC1;2008;73;NA;0;0;0;0;0;0;0;0;No
11657_7#69;BSAC1;2008;73;NA;0;0;0;0;0;0;0;0;No
11657_7#71;BSAC1;2008;73;NA;0;0;0;0;0;0;0;0;No
11657_7#74;BSAC1;2008;73;NA;0;0;0;0;0;0;0;0;No
11658_3#64;BSAC1;2008;73;NA;0;0;0;0;0;0;0;0;No
11679_4#69;BSAC1;2008;73;NA;0;0;0;0;0;0;0;0;No
11679_4#96;BSAC1;2008;73;NA;0;0;0;0;0;0;0;0;No
11679_6#55;BSAC1;2008;73;NA;0;0;0;0;0;0;0;0;No
11679_6#67;BSAC1;2008;73;NA;0;0;0;0;0;0;0;0;No
11679_7#59;BSAC1;2008;73;NA;0;0;0;0;0;0;0;0;No
11679_7#60;BSAC1;2008;73;NA;0;0;0;0;0;0;0;0;No
11679_8#96;BSAC1;2008;73;NA;0;0;0;0;0;0;0;0;No
11791_7#63;BSAC1;2008;73;NA;0;0;0;0;0;0;0;0;No
11791_7#64;BSAC1;2008;73;NA;0;0;0;0;0;0;0;0;No
11679_4#68;BSAC1;2008;80;NA;0;0;0;0;0;0;0;0;No
11791_3#56;BSAC1;2008;80;NA;0;0;0;0;0;0;0;0;No
11658_4#71;BSAC1;2008;88;NA;0;0;0;0;0;0;0;0;No
11679_7#62;BSAC1;2008;929;NA;0;0;0;0;0;0;0;0;No
11658_3#59;BSAC1;2008;93;NA;0;0;0;0;0;0;0;0;No
11657_6#58;BSAC1;2008;95;NA;0;0;0;0;0;0;0;0;No
11657_7#68;BSAC1;2008;95;NA;0;0;0;0;0;0;0;0;No
11658_4#64;BSAC1;2008;95;NA;0;0;0;0;0;0;0;0;No
11658_5#91;BSAC1;2008;95;NA;0;0;0;0;0;0;0;0;No
11679_4#63;BSAC1;2008;95;NA;0;0;0;0;0;0;0;0;No
11679_5#96;BSAC1;2008;95;NA;0;0;0;0;0;0;0;0;No
11679_6#65;BSAC1;2008;95;NA;0;0;0;0;0;0;0;0;No
11679_7#57;BSAC1;2008;95;NA;0;0;0;0;0;0;0;0;No
11658_4#72;BSAC1;2008;973;NA;0;0;0;0;0;0;0;0;No
11679_5#46;BSAC1;2008;978;NA;0;0;0;0;0;0;0;0;No
11657_6#60;BSAC1;2007;10;NA;0;0;0;0;0;0;0;0;No
11679_5#53;BSAC1;2007;10;NA;0;0;0;0;0;0;0;0;No
11679_5#54;BSAC1;2007;10;NA;0;0;0;0;0;0;0;0;No
11679_5#62;BSAC1;2007;10;NA;0;0;0;0;0;0;0;0;No
11791_3#50;BSAC1;2007;101;NA;0;0;0;0;0;0;0;0;No
11657_6#55;BSAC1;2007;117;NA;0;0;0;0;0;0;0;0;No
11791_3#52;BSAC1;2007;117;NA;0;0;0;0;0;0;0;0;No
11658_3#54;BSAC1;2007;12;NA;0;0;0;0;0;0;0;0;No
11679_4#46;BSAC1;2007;12;NA;0;0;0;0;0;0;0;0;No
11679_8#62;BSAC1;2007;127;NA;0;0;0;0;0;0;0;0;No
11679_8#90;BSAC1;2007;127;NA;0;0;0;0;0;0;0;0;No
11791_3#59;BSAC1;2007;127;NA;0;0;0;0;0;0;0;0;No
12045_3#65;BSAC1;2007;127;NA;0;0;0;0;0;0;0;0;No
11657_6#51;BSAC1;2007;131;C2;0;0;0;1;0;0;0;0;yes
11657_7#52;BSAC1;2007;131;C2;0;0;0;0;0;0;0;0;No
11657_7#53;BSAC1;2007;131;C2;0;0;0;0;0;0;0;0;No
11657_7#54;BSAC1;2007;131;C2;0;0;0;1;0;0;0;0;yes
11657_7#56;BSAC1;2007;131;C2;0;0;0;1;0;0;0;0;yes
11657_7#57;BSAC1;2007;131;C1;0;0;0;0;0;0;0;0;No
11658_3#41;BSAC1;2007;131;C0;0;0;0;0;0;0;0;0;No
11658_3#42;BSAC1;2007;131;C2;0;0;0;0;0;0;0;0;No
11658_3#55;BSAC1;2007;131;C2;0;0;0;0;0;0;0;0;No
11658_3#56;BSAC1;2007;131;C2;0;0;0;1;0;0;0;0;yes
11679_4#44;BSAC1;2007;131;A;0;0;0;0;0;0;0;0;No
11679_4#53;BSAC1;2007;131;C2;0;0;0;0;0;0;0;0;No
11679_4#92;BSAC1;2007;131;C1;0;0;0;1;0;0;0;0;yes
11679_5#44;BSAC1;2007;131;C2;0;0;0;1;0;0;0;0;yes
11679_6#49;BSAC1;2007;131;B;0;0;0;0;0;0;0;0;No
11679_8#57;BSAC1;2007;131;B;0;0;0;0;0;0;0;0;No
11679_8#86;BSAC1;2007;131;B;0;0;0;0;0;0;0;0;No
11791_3#49;BSAC1;2007;131;A;0;0;0;0;0;0;0;0;No
11791_3#62;BSAC1;2007;131;A;0;0;0;0;0;0;0;0;No
11679_6#63;BSAC1;2007;14;NA;0;0;0;0;0;0;0;0;No
11679_5#41;BSAC1;2007;141;NA;0;0;0;0;0;0;0;0;No
11791_3#76;BSAC1;2007;141;NA;0;0;0;0;0;0;0;0;No
11679_4#67;BSAC1;2007;144;NA;0;0;0;0;0;0;0;0;No
11791_3#88;BSAC1;2007;162;NA;0;0;0;0;0;0;0;0;No
11679_5#42;BSAC1;2007;167;NA;0;0;0;0;0;0;0;0;No
11679_7#39;BSAC1;2007;1972;NA;0;0;0;0;0;0;0;0;No
11679_8#63;BSAC1;2007;23;NA;0;0;0;0;0;0;0;0;No
11679_5#56;BSAC1;2007;348;NA;0;0;0;0;0;0;0;0;No
11679_8#59;BSAC1;2007;354;NA;0;0;0;0;0;0;0;0;No
11657_5#57;BSAC1;2007;357;NA;0;0;0;0;0;0;0;0;No
11679_6#87;BSAC1;2007;357;NA;0;0;0;0;0;0;0;0;No
11679_7#38;BSAC1;2007;372;NA;0;0;0;0;0;0;0;0;No
11679_4#50;BSAC1;2007;393;NA;0;0;0;0;0;0;0;0;No
11679_7#49;BSAC1;2007;393;NA;0;0;0;0;0;0;0;0;No
11791_3#63;BSAC1;2007;393;NA;0;0;0;0;0;0;0;0;No
11657_5#66;BSAC1;2007;405;NA;0;0;0;0;0;0;0;0;No
11657_6#62;BSAC1;2007;405;NA;0;0;0;0;0;0;0;0;No
11658_4#63;BSAC1;2007;405;NA;0;0;0;0;0;0;0;0;No
11791_3#87;BSAC1;2007;410;NA;0;0;0;0;0;0;0;0;No
11658_4#62;BSAC1;2007;416;NA;0;0;0;0;0;0;0;0;No
11679_4#47;BSAC1;2007;429;NA;0;0;0;0;0;0;0;0;No
11679_4#86;BSAC1;2007;5242;NA;0;0;0;0;0;0;0;0;No
11679_7#40;BSAC1;2007;5360;NA;0;0;0;0;0;0;0;0;No
11679_6#58;BSAC1;2007;5363;NA;0;0;0;0;0;0;0;0;No
11679_5#40;BSAC1;2007;538;NA;0;0;0;0;0;0;0;0;No
11679_5#83;BSAC1;2007;5526;NA;0;0;0;0;0;0;0;0;No
11791_3#53;BSAC1;2007;5662;NA;0;0;0;0;0;0;0;0;No
11679_8#55;BSAC1;2007;57;NA;0;0;0;0;0;0;0;0;No
11791_3#51;BSAC1;2007;58;NA;0;0;0;0;0;0;0;0;No
11679_6#51;BSAC1;2007;62;NA;0;0;0;0;0;0;0;0;No
11679_8#56;BSAC1;2007;62;NA;0;0;0;0;0;0;0;0;No
11657_5#60;BSAC1;2007;648;NA;0;0;0;0;0;0;0;0;No
11679_8#61;BSAC1;2007;681;NA;0;0;0;0;0;0;0;0;No
11679_5#52;BSAC1;2007;69;NA;0;0;0;0;0;0;0;0;No
11679_8#58;BSAC1;2007;69;NA;0;0;0;0;0;0;0;0;No
11791_3#54;BSAC1;2007;69;NA;0;0;0;0;0;0;0;0;No
11657_5#55;BSAC1;2007;73;NA;0;0;0;0;0;0;0;0;No
11657_5#58;BSAC1;2007;73;NA;0;0;0;0;0;0;0;0;No
11657_6#52;BSAC1;2007;73;NA;0;0;0;0;0;0;0;0;No
11657_7#61;BSAC1;2007;73;NA;0;0;0;0;0;0;0;0;No
11657_7#76;BSAC1;2007;73;NA;0;0;0;0;0;0;0;0;No
11658_3#95;BSAC1;2007;73;NA;0;0;0;0;0;0;0;0;No
11679_4#49;BSAC1;2007;73;NA;0;0;0;0;0;0;0;0;No
11679_6#61;BSAC1;2007;73;NA;0;0;0;0;0;0;0;0;No
11679_6#85;BSAC1;2007;73;NA;0;0;0;0;0;0;0;0;No
11679_7#47;BSAC1;2007;73;NA;0;0;0;0;0;0;0;0;No
12045_3#60;BSAC1;2007;73;NA;0;0;0;0;0;0;0;0;No
11657_5#59;BSAC1;2007;83;NA;0;0;0;0;0;0;0;0;No
11657_7#63;BSAC1;2007;88;NA;0;0;0;0;0;0;0;0;No
11679_4#59;BSAC1;2007;88;NA;0;0;0;0;0;0;0;0;No
11657_5#56;BSAC1;2007;95;NA;0;0;0;0;0;0;0;0;No
11657_6#50;BSAC1;2007;95;NA;0;0;0;0;0;0;0;0;No
11657_6#53;BSAC1;2007;95;NA;0;0;0;0;0;0;0;0;No
11657_7#62;BSAC1;2007;95;NA;0;0;0;0;0;0;0;0;No
11658_3#43;BSAC1;2007;95;NA;0;0;0;0;0;0;0;0;No
11658_4#69;BSAC1;2007;95;NA;0;0;0;0;0;0;0;0;No
11658_7#70;BSAC1;2007;95;NA;0;0;0;0;0;0;0;0;No
11679_4#45;BSAC1;2007;95;NA;0;0;0;0;0;0;0;0;No
11679_4#48;BSAC1;2007;95;NA;0;0;0;0;0;0;0;0;No
11679_5#37;BSAC1;2007;95;NA;0;0;0;0;0;0;0;0;No
11679_5#38;BSAC1;2007;95;NA;0;0;0;0;0;0;0;0;No
11679_5#39;BSAC1;2007;95;NA;0;0;0;0;0;0;0;0;No
11679_6#50;BSAC1;2007;95;NA;0;0;0;0;0;0;0;0;No
11679_8#60;BSAC1;2007;95;NA;0;0;0;0;0;0;0;0;No
11679_8#82;BSAC1;2007;95;NA;0;0;0;0;0;0;0;0;No
11657_5#69;BSAC1;2006;10;NA;0;0;0;0;0;0;0;0;No
11679_5#51;BSAC1;2006;10;NA;0;0;0;0;0;0;0;0;No
11679_7#36;BSAC1;2006;104;NA;0;0;0;0;0;0;0;0;No
11679_8#83;BSAC1;2006;104;NA;0;0;0;0;0;0;0;0;No
11679_5#48;BSAC1;2006;1081;NA;0;0;0;0;0;0;0;0;No
11679_6#62;BSAC1;2006;115;NA;0;0;0;0;0;0;0;0;No
11657_6#54;BSAC1;2006;12;NA;0;0;0;0;0;0;0;0;No
11658_3#53;BSAC1;2006;12;NA;0;0;0;0;0;0;0;0;No
11679_6#86;BSAC1;2006;12;NA;0;0;0;0;0;0;0;0;No
11679_7#51;BSAC1;2006;12;NA;0;0;0;0;0;0;0;0;No
11679_7#52;BSAC1;2006;12;NA;0;0;0;0;0;0;0;0;No
11679_8#67;BSAC1;2006;12;NA;0;0;0;0;0;0;0;0;No
11679_6#69;BSAC1;2006;1231;NA;0;0;0;0;0;0;0;0;No
11679_5#59;BSAC1;2006;124;NA;0;0;0;0;0;0;0;0;No
11658_3#40;BSAC1;2006;127;NA;0;0;0;0;0;0;0;0;No
11679_4#43;BSAC1;2006;127;NA;0;0;0;0;0;0;0;0;No
11791_3#47;BSAC1;2006;127;NA;0;0;0;0;0;0;0;0;No
11657_6#63;BSAC1;2006;131;C2;0;0;0;1;0;0;0;0;yes
11657_6#64;BSAC1;2006;131;C2;0;0;0;1;0;0;0;0;yes
11657_6#65;BSAC1;2006;131;C2;0;0;0;0;0;0;0;0;No
11657_7#66;BSAC1;2006;131;C2;0;0;0;1;0;0;0;0;yes
11657_7#70;BSAC1;2006;131;C2;0;0;0;0;0;0;0;0;No
11658_4#61;BSAC1;2006;131;C2;0;0;0;1;0;0;0;0;yes
11658_4#65;BSAC1;2006;131;C2;0;0;0;1;0;0;0;0;yes
11658_4#66;BSAC1;2006;131;C2;0;0;0;1;0;0;0;0;yes
11658_7#65;BSAC1;2006;131;C2;0;0;0;1;0;0;0;0;yes
11658_7#67;BSAC1;2006;131;C1;0;0;0;0;0;0;0;0;No
11658_7#71;BSAC1;2006;131;C2;0;0;0;0;0;0;0;0;No
11679_4#39;BSAC1;2006;131;C2;0;0;0;0;0;0;0;0;No
11679_4#40;BSAC1;2006;131;C2;0;0;0;0;0;0;0;0;No
11679_4#56;BSAC1;2006;131;C2;0;0;0;1;0;0;0;0;yes
11679_4#58;BSAC1;2006;131;B;0;0;0;0;0;0;0;0;No
11679_4#62;BSAC1;2006;131;B;0;0;0;0;0;0;0;0;No
11679_6#59;BSAC1;2006;131;C2;0;0;0;1;0;0;0;0;yes
11791_6#24;BSAC1;2006;131;C2;0;0;0;1;0;0;0;0;yes
11791_6#25;BSAC1;2006;131;C2;0;0;0;0;0;0;0;0;No
11657_6#66;BSAC1;2006;14;NA;0;0;0;0;0;0;0;0;No
11657_7#51;BSAC1;2006;14;NA;0;0;0;0;0;0;0;0;No
11679_6#56;BSAC1;2006;14;NA;0;0;0;0;0;0;0;0;No
11657_6#59;BSAC1;2006;144;NA;0;0;0;0;0;0;0;0;No
11658_3#48;BSAC1;2006;1459;NA;0;0;0;0;0;0;0;0;No
11679_6#92;BSAC1;2006;167;NA;0;0;0;1;0;0;0;0;yes
11791_3#60;BSAC1;2006;1858;NA;0;0;0;0;0;0;0;0;No
11679_5#61;BSAC1;2006;23;NA;0;0;0;0;0;0;0;0;No
11657_5#63;BSAC1;2006;357;NA;0;0;0;0;0;0;0;0;No
11679_8#53;BSAC1;2006;357;NA;0;0;0;0;0;0;0;0;No
11657_7#65;BSAC1;2006;367;NA;0;0;0;0;0;0;0;0;No
11657_5#64;BSAC1;2006;372;NA;0;0;0;0;0;0;0;0;No
11791_3#46;BSAC1;2006;372;NA;0;0;0;0;0;0;0;0;No
11679_5#49;BSAC1;2006;38;NA;0;0;0;0;0;0;0;0;No
11657_5#65;BSAC1;2006;393;NA;0;0;0;0;0;0;0;0;No
11658_3#65;BSAC1;2006;393;NA;0;0;0;0;0;0;0;0;No
11679_4#64;BSAC1;2006;393;NA;0;0;0;0;0;0;0;0;No
11679_7#41;BSAC1;2006;393;NA;0;0;0;0;0;0;0;0;No
11657_5#68;BSAC1;2006;394;NA;0;0;0;0;0;0;0;0;No
11679_4#61;BSAC1;2006;405;NA;0;0;0;1;0;0;0;0;yes
11679_5#43;BSAC1;2006;405;NA;0;0;0;0;0;0;0;0;No
11679_5#36;BSAC1;2006;410;NA;0;0;0;1;0;0;0;0;yes
11658_3#52;BSAC1;2006;416;NA;0;0;0;0;0;0;0;0;No
11679_6#48;BSAC1;2006;48;NA;0;0;0;0;0;0;0;0;No
11679_4#60;BSAC1;2006;5360;NA;0;0;0;0;0;0;0;0;No
11658_7#69;BSAC1;2006;5384;NA;0;0;0;0;0;0;0;0;No
11657_5#62;BSAC1;2006;5425;NA;0;0;0;0;0;0;0;0;No
11657_6#49;BSAC1;2006;5425;NA;0;0;0;0;0;0;0;0;No
11658_7#66;BSAC1;2006;5491;NA;0;0;0;1;0;0;0;0;yes
11657_5#70;BSAC1;2006;5614;NA;0;0;0;0;0;0;0;0;No
11679_8#54;BSAC1;2006;58;NA;0;0;0;0;0;0;0;0;No
11679_8#89;BSAC1;2006;617;NA;0;0;0;0;0;0;0;0;No
11658_3#50;BSAC1;2006;641;NA;0;0;0;0;0;0;0;0;No
11657_6#61;BSAC1;2006;648;NA;0;0;0;0;0;0;0;0;No
11658_4#68;BSAC1;2006;648;NA;0;0;0;0;0;0;0;0;No
11679_7#53;BSAC1;2006;648;NA;0;0;0;0;0;0;0;0;No
11657_5#67;BSAC1;2006;69;NA;0;0;0;0;0;0;0;0;No
11657_7#64;BSAC1;2006;69;NA;0;0;0;0;0;0;0;0;No
11658_3#49;BSAC1;2006;69;NA;0;0;0;0;0;0;0;0;No
11679_7#37;BSAC1;2006;69;NA;0;0;0;0;0;0;0;0;No
11679_8#66;BSAC1;2006;69;NA;0;0;0;0;0;0;0;0;No
11679_8#68;BSAC1;2006;69;NA;0;0;0;0;0;0;0;0;No
11657_6#48;BSAC1;2006;73;NA;0;0;0;0;0;0;0;0;No
11658_3#46;BSAC1;2006;73;NA;0;0;0;0;0;0;0;0;No
11658_3#47;BSAC1;2006;73;NA;0;0;0;0;0;0;0;0;No
11658_3#57;BSAC1;2006;73;NA;0;0;0;0;0;0;0;0;No
11658_6#90;BSAC1;2006;73;NA;0;0;0;0;0;0;0;0;No
11679_4#41;BSAC1;2006;73;NA;0;0;0;0;0;0;0;0;No
11679_4#42;BSAC1;2006;73;NA;0;0;0;0;0;0;0;0;No
11679_4#55;BSAC1;2006;73;NA;0;0;0;0;0;0;0;0;No
11679_4#57;BSAC1;2006;73;NA;0;0;0;0;0;0;0;0;No
11679_5#47;BSAC1;2006;73;NA;0;0;0;0;0;0;0;0;No
11679_7#50;BSAC1;2006;73;NA;0;0;0;0;0;0;0;0;No
11791_3#48;BSAC1;2006;73;NA;0;0;0;0;0;0;0;0;No
11791_3#77;BSAC1;2006;73;NA;0;0;0;0;0;0;0;0;No
11791_3#61;BSAC1;2006;767;NA;0;0;0;0;0;0;0;0;No
11658_3#51;BSAC1;2006;80;NA;0;0;0;0;0;0;0;0;No
11679_8#52;BSAC1;2006;847;NA;0;0;0;0;0;0;0;0;No
11679_6#57;BSAC1;2006;93;NA;0;0;0;0;0;0;0;0;No
11657_5#53;BSAC1;2006;95;NA;0;0;0;0;0;0;0;0;No
11657_5#54;BSAC1;2006;95;NA;0;0;0;0;0;0;0;0;No
11657_7#50;BSAC1;2006;95;NA;0;0;0;0;0;0;0;0;No
11658_7#68;BSAC1;2006;95;NA;0;0;0;0;0;0;0;0;No
11679_5#55;BSAC1;2006;95;NA;0;0;0;0;0;0;0;0;No
11679_6#60;BSAC1;2006;95;NA;0;0;0;0;0;0;0;0;No
11679_7#46;BSAC1;2006;95;NA;0;0;0;0;0;0;0;0;No
11679_7#48;BSAC1;2006;95;NA;0;0;0;0;0;0;0;0;No
11791_6#26;BSAC1;2006;95;NA;0;0;0;0;0;0;0;0;No
11658_4#67;BSAC1;2006;964;NA;0;0;0;0;1;0;0;0;yes
11679_5#50;BSAC1;2006;998;NA;0;0;0;0;0;0;0;0;No
11657_5#52;BSAC1;2005;10;NA;0;0;0;1;0;0;0;0;yes
11657_6#90;BSAC1;2005;10;NA;0;0;0;0;0;0;0;0;No
11679_7#34;BSAC1;2005;1057;NA;0;0;0;0;0;0;0;0;No
11791_7#70;BSAC1;2005;1155;NA;0;0;0;0;0;0;0;0;No
11658_3#37;BSAC1;2005;12;NA;0;0;0;0;0;0;0;0;No
11658_6#86;BSAC1;2005;1231;NA;0;0;0;0;0;0;0;0;No
11679_7#30;BSAC1;2005;127;NA;0;0;0;0;0;0;0;0;No
11657_6#47;BSAC1;2005;131;B;0;0;0;0;0;0;0;0;No
11657_6#94;BSAC1;2005;131;C2;0;0;0;1;0;0;0;0;yes
11657_7#47;BSAC1;2005;131;C2;0;0;0;0;0;0;0;0;No
11657_7#89;BSAC1;2005;131;C2;0;0;0;1;0;0;0;0;yes
11658_3#36;BSAC1;2005;131;C2;0;0;0;0;0;0;0;0;No
11658_3#38;BSAC1;2005;131;C2;0;0;0;1;0;0;0;0;yes
11658_4#57;BSAC1;2005;131;B;0;0;0;0;0;0;0;0;No
11658_4#60;BSAC1;2005;131;B;0;0;0;0;0;0;0;0;No
11658_5#87;BSAC1;2005;131;C2;0;0;0;1;0;0;0;0;yes
11658_6#73;BSAC1;2005;131;C1;0;0;0;0;0;0;0;0;No
11658_6#88;BSAC1;2005;131;C2;0;0;0;1;0;0;0;0;yes
11658_8#92;BSAC1;2005;131;C2;0;0;0;0;0;0;0;0;No
11679_4#32;BSAC1;2005;131;C2;0;0;0;0;0;0;0;0;No
11679_4#35;BSAC1;2005;131;C2;0;0;0;0;0;0;0;0;No
11679_5#33;BSAC1;2005;131;C2;0;0;0;0;0;0;0;0;No
11679_5#80;BSAC1;2005;131;C0;0;0;0;0;0;0;0;0;No
11679_6#45;BSAC1;2005;131;B;0;0;0;0;0;0;0;0;No
11791_3#43;BSAC1;2005;131;C2;0;0;0;1;0;0;0;0;yes
11679_8#81;BSAC1;2005;1333;NA;0;0;0;0;0;0;0;0;No
11658_5#88;BSAC1;2005;14;NA;0;0;0;0;0;0;0;0;No
11679_4#37;BSAC1;2005;14;NA;0;0;0;0;0;0;0;0;No
11657_6#92;BSAC1;2005;144;NA;0;0;0;0;0;0;0;0;No
11679_8#49;BSAC1;2005;2272;NA;0;0;0;0;0;0;0;0;No
11893_8#71;BSAC1;2005;23;NA;0;0;0;0;0;0;0;0;No
11658_6#75;BSAC1;2005;2617;NA;0;0;0;0;0;0;0;0;No
11658_4#56;BSAC1;2005;295;NA;0;0;0;0;0;0;0;0;No
11679_7#31;BSAC1;2005;357;NA;0;0;0;0;0;0;0;0;No
11679_6#46;BSAC1;2005;38;NA;0;0;0;0;0;0;0;0;No
11657_5#51;BSAC1;2005;452;NA;0;0;0;0;0;0;0;0;No
11658_4#47;BSAC1;2005;48;NA;0;0;0;0;0;0;0;0;No
11679_5#35;BSAC1;2005;533;NA;0;0;0;0;0;0;0;0;No
11658_4#55;BSAC1;2005;538;NA;0;0;0;0;0;0;0;0;No
11791_3#45;BSAC1;2005;5628;NA;0;0;0;0;0;0;0;0;No
11679_6#47;BSAC1;2005;5648;NA;0;0;0;0;0;0;0;0;No
11657_7#46;BSAC1;2005;58;NA;0;0;0;0;0;0;0;0;No
11679_4#33;BSAC1;2005;59;NA;0;0;0;0;0;0;0;0;No
11791_3#39;BSAC1;2005;62;NA;0;0;0;0;0;0;0;0;No
11791_3#41;BSAC1;2005;62;NA;0;0;0;0;0;0;0;0;No
11679_7#89;BSAC1;2005;640;NA;0;0;0;0;0;0;0;0;No
11679_4#34;BSAC1;2005;648;NA;0;0;0;0;0;0;0;0;No
11658_6#85;BSAC1;2005;652;NA;0;0;0;0;0;0;0;0;No
11658_3#87;BSAC1;2005;69;NA;0;0;0;0;0;0;0;0;No
11658_8#75;BSAC1;2005;69;NA;0;0;0;0;0;0;0;0;No
11679_5#34;BSAC1;2005;69;NA;0;0;0;0;0;0;0;0;No
11679_7#32;BSAC1;2005;69;NA;0;0;0;0;0;0;0;0;No
11679_8#47;BSAC1;2005;69;NA;0;0;0;0;0;0;0;0;No
11679_8#48;BSAC1;2005;69;NA;0;0;0;0;0;0;0;0;No
11679_8#50;BSAC1;2005;69;NA;0;0;0;0;0;0;0;0;No
11791_3#44;BSAC1;2005;69;NA;0;0;0;0;0;0;0;0;No
11657_5#48;BSAC1;2005;73;NA;0;0;0;0;0;0;0;0;No
11657_5#50;BSAC1;2005;73;NA;0;0;0;0;0;0;0;0;No
11657_6#46;BSAC1;2005;73;NA;0;0;0;0;0;0;0;0;No
11657_7#48;BSAC1;2005;73;NA;0;0;0;0;0;0;0;0;No
11658_3#35;BSAC1;2005;73;NA;0;0;0;0;0;0;0;0;No
11658_3#39;BSAC1;2005;73;NA;0;0;0;0;0;0;0;0;No
11658_4#53;BSAC1;2005;73;NA;0;0;0;0;0;0;0;0;No
11658_4#54;BSAC1;2005;73;NA;0;0;0;0;0;0;0;0;No
11658_4#59;BSAC1;2005;73;NA;0;0;0;0;0;0;0;0;No
11658_4#96;BSAC1;2005;73;NA;0;0;0;0;0;0;0;0;No
11658_5#82;BSAC1;2005;73;NA;0;0;0;0;0;0;0;0;No
11658_6#74;BSAC1;2005;73;NA;0;0;0;0;0;0;0;0;No
11658_6#89;BSAC1;2005;73;NA;0;0;0;0;0;0;0;0;No
11658_8#76;BSAC1;2005;73;NA;0;0;0;0;0;0;0;0;No
11679_4#38;BSAC1;2005;73;NA;0;0;0;0;0;0;0;0;No
11679_5#31;BSAC1;2005;73;NA;0;0;0;0;0;0;0;0;No
11679_5#32;BSAC1;2005;73;NA;0;0;0;0;0;0;0;0;No
11679_5#82;BSAC1;2005;73;NA;0;0;0;0;0;0;0;0;No
11679_6#39;BSAC1;2005;73;NA;0;0;0;0;0;0;0;0;No
11679_6#43;BSAC1;2005;73;NA;0;0;0;0;0;0;0;0;No
11679_6#84;BSAC1;2005;73;NA;0;0;0;0;0;0;0;0;No
11679_8#46;BSAC1;2005;73;NA;0;0;0;0;0;0;0;0;No
11791_3#40;BSAC1;2005;73;NA;0;0;0;0;0;0;0;0;No
11791_3#42;BSAC1;2005;73;NA;0;0;0;0;0;0;0;0;No
11791_3#75;BSAC1;2005;73;NA;0;0;0;0;0;0;0;0;No
11791_6#23;BSAC1;2005;73;NA;0;0;0;0;0;0;0;0;No
11791_7#56;BSAC1;2005;73;NA;0;0;0;0;0;0;0;0;No
11791_7#62;BSAC1;2005;73;NA;0;0;0;0;0;0;0;0;No
11791_3#91;BSAC1;2005;80;NA;0;0;0;0;0;0;0;0;No
11679_7#29;BSAC1;2005;88;NA;0;0;0;0;0;0;0;0;No
11791_3#90;BSAC1;2005;88;NA;0;0;0;0;0;0;0;0;No
11679_6#41;BSAC1;2005;91;NA;0;0;0;0;0;0;0;0;No
11657_5#49;BSAC1;2005;95;NA;0;0;0;0;0;0;0;0;No
11657_6#45;BSAC1;2005;95;NA;0;0;0;0;0;0;0;0;No
11657_7#49;BSAC1;2005;95;NA;0;0;0;0;0;0;0;0;No
11658_3#34;BSAC1;2005;95;NA;0;0;0;0;0;0;0;0;No
11658_4#58;BSAC1;2005;95;NA;0;0;0;0;0;0;0;0;No
11658_5#89;BSAC1;2005;95;NA;0;0;0;0;0;0;0;0;No
11658_5#90;BSAC1;2005;95;NA;0;0;0;0;0;0;0;0;No
11658_8#91;BSAC1;2005;95;NA;0;0;0;0;0;0;0;0;No
11679_4#36;BSAC1;2005;95;NA;0;0;0;0;0;0;0;0;No
11679_6#40;BSAC1;2005;95;NA;0;0;0;0;0;0;0;0;No
11679_6#42;BSAC1;2005;95;NA;0;0;0;0;0;0;0;0;No
11679_6#44;BSAC1;2005;95;NA;0;0;0;0;0;0;0;0;No
11679_7#35;BSAC1;2005;95;NA;0;0;0;0;0;0;0;0;No
11679_8#45;BSAC1;2005;95;NA;0;0;0;0;0;0;0;0;No
11791_3#38;BSAC1;2005;95;NA;0;0;0;0;0;0;0;0;No
11791_3#74;BSAC1;2005;95;NA;0;0;0;0;0;0;0;0;No
11658_6#76;BSAC1;2005;974;NA;0;0;0;0;0;0;0;0;No
11679_6#37;BSAC1;2004;10;NA;0;0;0;0;0;0;0;0;No
11657_6#44;BSAC1;2004;106;NA;0;0;0;0;0;0;0;0;No
11658_8#81;BSAC1;2004;117;NA;0;0;0;0;0;0;0;0;No
11657_7#42;BSAC1;2004;12;NA;0;0;0;0;0;0;0;0;No
11658_5#74;BSAC1;2004;12;NA;0;0;0;0;0;0;0;0;No
11658_5#83;BSAC1;2004;12;NA;0;0;0;0;0;0;0;0;No
12045_3#64;BSAC1;2004;12;NA;0;0;0;0;0;0;0;0;No
11658_5#69;BSAC1;2004;127;NA;0;0;0;0;0;0;0;0;No
11658_7#56;BSAC1;2004;127;NA;0;0;0;0;0;0;0;0;No
11657_5#46;BSAC1;2004;131;C2;0;0;0;1;0;0;0;0;yes
11658_4#48;BSAC1;2004;131;B;0;0;0;0;0;0;0;0;No
11658_6#81;BSAC1;2004;131;C2;0;0;0;1;0;0;0;0;yes
11658_6#82;BSAC1;2004;131;C1;0;0;0;0;0;0;0;0;No
11658_7#57;BSAC1;2004;131;B;0;0;0;0;0;0;0;0;No
11658_8#64;BSAC1;2004;131;C2;0;0;0;0;0;0;0;0;No
11658_8#78;BSAC1;2004;131;C2;0;0;0;0;0;0;0;0;No
11658_8#84;BSAC1;2004;131;C2;0;0;0;1;0;0;0;0;yes
11658_8#85;BSAC1;2004;131;C2;0;0;0;0;0;0;0;0;No
11679_4#91;BSAC1;2004;131;C1;0;0;0;0;0;0;0;0;No
11791_7#49;BSAC1;2004;131;C2;0;0;0;0;0;0;0;0;No
11791_7#50;BSAC1;2004;131;C2;0;0;0;0;0;0;0;0;No
11791_7#59;BSAC1;2004;131;C2;0;0;0;0;0;0;0;0;No
11791_7#60;BSAC1;2004;131;C1;0;0;0;1;0;0;0;0;yes
11658_4#51;BSAC1;2004;141;NA;0;0;0;0;0;0;0;0;No
11679_7#28;BSAC1;2004;141;NA;0;0;0;0;0;0;0;0;No
11791_7#54;BSAC1;2004;141;NA;0;0;0;0;0;0;0;0;No
11658_8#77;BSAC1;2004;1431;NA;0;0;0;0;0;0;0;0;No
11657_7#43;BSAC1;2004;144;NA;0;0;0;0;0;0;0;0;No
11658_6#84;BSAC1;2004;144;NA;0;0;0;0;0;0;0;0;No
11791_7#51;BSAC1;2004;144;NA;0;0;0;0;0;0;0;0;No
11791_3#37;BSAC1;2004;1604;NA;0;0;0;0;0;0;0;0;No
11658_3#33;BSAC1;2004;1946;NA;0;0;0;0;0;0;0;0;No
11658_5#86;BSAC1;2004;23;NA;0;0;0;0;0;0;0;0;No
11658_8#88;BSAC1;2004;2802;NA;0;0;0;0;0;0;0;0;No
11658_8#82;BSAC1;2004;349;NA;0;0;0;0;0;0;0;0;No
11658_8#90;BSAC1;2004;372;NA;0;0;0;0;0;0;0;0;No
11658_4#52;BSAC1;2004;38;NA;0;0;0;0;0;0;0;0;No
11679_5#87;BSAC1;2004;38;NA;0;0;0;0;0;0;0;0;No
11791_3#73;BSAC1;2004;390;NA;0;0;0;0;0;0;0;0;No
11657_6#89;BSAC1;2004;393;NA;0;0;0;0;0;0;0;0;No
11658_4#46;BSAC1;2004;393;NA;0;0;0;0;0;0;0;0;No
11658_6#70;BSAC1;2004;393;NA;0;0;0;0;0;0;0;0;No
11658_6#78;BSAC1;2004;393;NA;0;0;0;0;0;0;0;0;No
11658_8#79;BSAC1;2004;393;NA;0;0;0;0;0;0;0;0;No
11791_7#52;BSAC1;2004;393;NA;0;0;0;0;0;0;0;0;No
11679_6#83;BSAC1;2004;405;NA;0;0;0;0;0;0;0;0;No
11791_3#70;BSAC1;2004;405;NA;0;0;0;0;0;0;0;0;No
11658_4#49;BSAC1;2004;421;NA;0;0;0;0;0;0;0;0;No
11658_5#84;BSAC1;2004;421;NA;0;0;0;0;0;0;0;0;No
11791_7#58;BSAC1;2004;491;NA;0;0;0;0;0;0;0;0;No
11658_5#71;BSAC1;2004;537;NA;0;0;0;0;0;0;0;0;No
11658_6#68;BSAC1;2004;537;NA;0;0;0;0;0;0;0;0;No
11679_4#30;BSAC1;2004;550;NA;0;0;0;0;0;0;0;0;No
11658_5#70;BSAC1;2004;5609;NA;0;0;0;0;0;0;0;0;No
11657_6#42;BSAC1;2004;567;NA;0;0;0;0;0;0;0;0;No
11658_6#77;BSAC1;2004;567;NA;0;0;0;0;0;0;0;0;No
11658_8#71;BSAC1;2004;58;NA;0;0;0;0;0;0;0;0;No
11658_8#74;BSAC1;2004;59;NA;0;0;0;0;0;0;0;0;No
11679_6#91;BSAC1;2004;59;NA;0;0;0;0;0;0;0;0;No
11658_4#94;BSAC1;2004;62;NA;0;0;0;0;0;0;0;0;No
11658_8#80;BSAC1;2004;62;NA;0;0;0;0;0;0;0;0;No
11791_7#57;BSAC1;2004;62;NA;0;0;0;0;0;0;0;0;No
11791_3#71;BSAC1;2004;681;NA;0;0;0;0;0;0;0;0;No
11657_6#43;BSAC1;2004;69;NA;0;0;0;0;0;0;0;0;No
11657_7#39;BSAC1;2004;69;NA;0;0;0;0;0;0;0;0;No
11679_8#43;BSAC1;2004;69;NA;0;0;0;0;0;0;0;0;No
11791_7#53;BSAC1;2004;69;NA;0;0;0;0;0;0;0;0;No
11658_6#79;BSAC1;2004;706;NA;0;0;0;0;0;0;0;0;No
11657_5#44;BSAC1;2004;73;NA;0;0;0;0;0;0;0;0;No
11657_5#47;BSAC1;2004;73;NA;0;0;0;0;0;0;0;0;No
11657_7#44;BSAC1;2004;73;NA;0;0;0;0;0;0;0;0;No
11658_3#32;BSAC1;2004;73;NA;0;0;0;0;0;0;0;0;No
11658_4#45;BSAC1;2004;73;NA;0;0;0;0;0;0;0;0;No
11658_4#50;BSAC1;2004;73;NA;0;0;0;0;0;0;0;0;No
11658_5#68;BSAC1;2004;73;NA;0;0;0;0;0;0;0;0;No
11658_5#73;BSAC1;2004;73;NA;0;0;0;0;0;0;0;0;No
11658_7#55;BSAC1;2004;73;NA;0;0;0;0;0;0;0;0;No
11658_7#58;BSAC1;2004;73;NA;0;0;0;0;0;0;0;0;No
11658_8#62;BSAC1;2004;73;NA;0;0;0;0;0;0;0;0;No
11658_8#63;BSAC1;2004;73;NA;0;0;0;0;0;0;0;0;No
11658_8#83;BSAC1;2004;73;NA;0;0;0;0;0;0;0;0;No
11658_8#87;BSAC1;2004;73;NA;0;0;0;0;0;0;0;0;No
11658_8#89;BSAC1;2004;73;NA;0;0;0;0;0;0;0;0;No
11679_5#81;BSAC1;2004;73;NA;0;0;0;0;0;0;0;0;No
11679_8#42;BSAC1;2004;73;NA;0;0;0;0;0;0;0;0;No
11791_3#36;BSAC1;2004;73;NA;0;0;0;0;0;0;0;0;No
11791_6#22;BSAC1;2004;73;NA;0;0;0;0;0;0;0;0;No
11791_7#61;BSAC1;2004;73;NA;0;0;0;0;0;0;0;0;No
12045_3#63;BSAC1;2004;73;NA;0;0;0;0;0;0;0;0;No
11658_8#73;BSAC1;2004;79;NA;0;0;0;0;0;0;0;0;No
11658_6#66;BSAC1;2004;80;NA;0;0;0;0;0;0;0;0;No
11679_4#31;BSAC1;2004;83;NA;0;0;0;0;0;0;0;0;No
11791_3#72;BSAC1;2004;88;NA;0;0;0;0;0;0;0;0;No
11657_7#40;BSAC1;2004;95;NA;0;0;0;0;0;0;0;0;No
11658_5#72;BSAC1;2004;95;NA;0;0;0;0;0;0;0;0;No
11658_5#75;BSAC1;2004;95;NA;0;0;0;0;0;0;0;0;No
11658_5#85;BSAC1;2004;95;NA;0;0;0;0;0;0;0;0;No
11658_6#67;BSAC1;2004;95;NA;0;0;0;0;0;0;0;0;No
11658_6#80;BSAC1;2004;95;NA;0;0;0;0;0;0;0;0;No
11658_6#83;BSAC1;2004;95;NA;0;0;0;0;0;0;0;0;No
11658_8#65;BSAC1;2004;95;NA;0;0;0;0;0;0;0;0;No
11658_8#72;BSAC1;2004;95;NA;0;0;0;0;0;0;0;0;No
11658_8#86;BSAC1;2004;95;NA;0;0;0;0;0;0;0;0;No
11679_5#29;BSAC1;2004;95;NA;0;0;0;0;0;0;0;0;No
11791_6#20;BSAC1;2004;95;NA;0;0;0;0;0;0;0;0;No
11791_6#21;BSAC1;2004;95;NA;0;0;0;0;0;0;0;0;No
12045_3#57;BSAC1;2004;95;NA;0;0;0;0;0;0;0;0;No
11658_6#69;BSAC1;2004;961;NA;0;0;0;0;0;0;0;0;No
11657_7#35;BSAC1;2003;10;NA;0;0;0;0;0;0;0;0;No
11679_8#28;BSAC1;2003;10;NA;0;0;0;0;0;0;0;0;No
11791_3#35;BSAC1;2003;10;NA;0;0;0;0;0;0;0;0;No
12045_3#61;BSAC1;2003;10;NA;0;0;0;0;0;0;0;0;No
11791_3#67;BSAC1;2003;1125;NA;0;0;0;0;0;0;0;0;No
11658_8#60;BSAC1;2003;117;NA;0;0;0;0;0;0;0;0;No
11657_7#37;BSAC1;2003;12;NA;0;0;0;0;0;0;0;0;No
11658_5#67;BSAC1;2003;12;NA;0;0;0;0;0;0;0;0;No
11658_7#63;BSAC1;2003;12;NA;0;0;0;0;0;0;0;0;No
11679_5#27;BSAC1;2003;12;NA;0;0;0;0;0;0;0;0;No
11679_5#28;BSAC1;2003;12;NA;0;0;0;0;0;0;0;0;No
11679_8#27;BSAC1;2003;12;NA;0;0;0;0;0;0;0;0;No
11791_3#20;BSAC1;2003;12;NA;0;0;0;0;0;0;0;0;No
11791_3#30;BSAC1;2003;12;NA;0;0;0;0;0;0;0;0;No
11657_6#41;BSAC1;2003;127;NA;0;0;0;0;0;0;0;0;No
11658_7#54;BSAC1;2003;127;NA;0;0;0;0;0;0;0;0;No
11679_4#28;BSAC1;2003;127;NA;0;0;0;0;0;0;0;0;No
11791_3#31;BSAC1;2003;127;NA;0;0;0;0;0;0;0;0;No
11657_6#37;BSAC1;2003;131;C2;0;0;0;0;0;0;0;0;No
11658_3#31;BSAC1;2003;131;B;0;0;0;0;0;0;0;0;No
11658_4#43;BSAC1;2003;131;B;0;0;0;0;0;0;0;0;No
11658_5#66;BSAC1;2003;131;C0;0;0;0;0;0;0;0;0;No
11658_6#64;BSAC1;2003;131;C2;0;0;0;0;0;0;0;0;No
11658_7#52;BSAC1;2003;131;C0;0;0;0;0;0;0;0;0;No
11679_6#30;BSAC1;2003;131;A;0;0;0;0;0;0;0;0;No
11679_7#26;BSAC1;2003;131;C0;0;0;0;0;0;0;0;0;No
11791_3#26;BSAC1;2003;131;A;0;0;0;0;0;0;0;0;No
11791_3#32;BSAC1;2003;131;C2;0;0;0;0;0;0;0;0;No
11791_7#45;BSAC1;2003;131;B;0;0;0;0;0;0;0;0;No
11791_7#55;BSAC1;2003;131;C2;0;0;0;1;0;0;0;0;yes
11679_4#27;BSAC1;2003;1394;NA;0;0;0;0;0;0;0;0;No
11791_7#46;BSAC1;2003;14;NA;0;0;0;0;0;0;0;0;No
11791_3#18;BSAC1;2003;141;NA;0;0;0;0;0;0;0;0;No
11679_8#32;BSAC1;2003;144;NA;0;0;0;0;0;0;0;0;No
11657_5#40;BSAC1;2003;167;NA;0;0;0;1;0;0;0;0;yes
11658_8#68;BSAC1;2003;167;NA;0;0;0;0;0;0;0;0;No
11679_8#34;BSAC1;2003;1810;NA;0;0;0;0;0;0;0;0;No
11791_6#18;BSAC1;2003;2253;NA;0;0;0;0;0;0;0;0;No
11679_6#31;BSAC1;2003;2494;NA;0;0;0;0;0;0;0;0;No
11657_7#38;BSAC1;2003;2567;NA;0;0;0;0;0;0;0;0;No
11679_8#31;BSAC1;2003;363;NA;0;0;0;0;0;0;0;0;No
11679_8#26;BSAC1;2003;369;NA;0;0;0;0;0;0;0;0;No
11791_3#28;BSAC1;2003;369;NA;0;0;0;0;0;0;0;0;No
11658_5#78;BSAC1;2003;38;NA;0;0;0;0;0;0;0;0;No
11658_8#67;BSAC1;2003;38;NA;0;0;0;0;0;0;0;0;No
11791_6#19;BSAC1;2003;38;NA;0;0;0;0;0;0;0;0;No
11657_7#45;BSAC1;2003;393;NA;0;0;0;0;0;0;0;0;No
11679_8#40;BSAC1;2003;393;NA;0;0;0;0;0;0;0;0;No
11791_7#47;BSAC1;2003;393;NA;0;0;0;0;0;0;0;0;No
11657_5#43;BSAC1;2003;405;NA;0;0;0;0;0;0;0;0;No
11657_6#40;BSAC1;2003;405;NA;0;0;0;0;0;0;0;0;No
11679_6#35;BSAC1;2003;405;NA;0;0;0;0;0;0;0;0;No
11791_3#25;BSAC1;2003;4260;NA;0;0;0;0;0;0;0;0;No
11679_7#88;BSAC1;2003;46;NA;0;0;0;0;0;0;0;0;No
11679_8#29;BSAC1;2003;48;NA;0;0;0;0;0;0;0;0;No
11679_6#33;BSAC1;2003;491;NA;0;0;0;0;0;0;0;0;No
11791_3#29;BSAC1;2003;491;NA;0;0;0;0;0;0;0;0;No
11679_8#30;BSAC1;2003;537;NA;0;0;0;0;0;0;0;0;No
11658_4#42;BSAC1;2003;5440;NA;0;0;0;0;0;0;0;0;No
11657_6#39;BSAC1;2003;5552;NA;0;0;0;0;0;0;0;0;No
11657_5#42;BSAC1;2003;58;NA;0;0;0;0;0;0;0;0;No
11657_6#93;BSAC1;2003;59;NA;0;0;0;0;0;0;0;0;No
11657_7#36;BSAC1;2003;62;NA;0;0;0;0;0;0;0;0;No
11658_8#70;BSAC1;2003;62;NA;0;0;0;0;0;0;0;0;No
11679_5#24;BSAC1;2003;62;NA;0;0;0;0;0;0;0;0;No
11791_3#22;BSAC1;2003;62;NA;0;0;0;0;0;0;0;0;No
11791_3#23;BSAC1;2003;62;NA;0;0;0;0;0;0;0;0;No
11658_7#53;BSAC1;2003;648;NA;0;0;0;1;0;0;0;0;yes
11679_7#82;BSAC1;2003;68;NA;0;0;0;0;0;0;0;0;No
11657_5#39;BSAC1;2003;685;NA;0;0;0;0;0;0;0;0;No
11657_6#88;BSAC1;2003;69;NA;0;0;0;0;0;0;0;0;No
11658_5#80;BSAC1;2003;69;NA;0;0;0;0;0;0;0;0;No
11679_8#35;BSAC1;2003;69;NA;0;0;0;0;0;0;0;0;No
11679_8#36;BSAC1;2003;69;NA;0;0;0;0;0;0;0;0;No
11791_3#19;BSAC1;2003;69;NA;0;0;0;0;0;0;0;0;No
11657_6#38;BSAC1;2003;73;NA;0;0;0;0;0;0;0;0;No
11658_3#29;BSAC1;2003;73;NA;0;0;0;0;0;0;0;0;No
11658_4#41;BSAC1;2003;73;NA;0;0;0;0;0;0;0;0;No
11658_5#79;BSAC1;2003;73;NA;0;0;0;0;0;0;0;0;No
11658_6#65;BSAC1;2003;73;NA;0;0;0;0;0;0;0;0;No
11658_7#62;BSAC1;2003;73;NA;0;0;0;0;0;0;0;0;No
11658_8#61;BSAC1;2003;73;NA;0;0;0;0;0;0;0;0;No
11679_4#26;BSAC1;2003;73;NA;0;0;0;0;0;0;0;0;No
11679_4#85;BSAC1;2003;73;NA;0;0;0;0;0;0;0;0;No
11679_5#26;BSAC1;2003;73;NA;0;0;0;0;0;0;0;0;No
11679_6#28;BSAC1;2003;73;NA;0;0;0;0;0;0;0;0;No
11679_6#32;BSAC1;2003;73;NA;0;0;0;0;0;0;0;0;No
11679_6#34;BSAC1;2003;73;NA;0;0;0;0;0;0;0;0;No
11679_8#38;BSAC1;2003;73;NA;0;0;0;0;0;0;0;0;No
11679_8#39;BSAC1;2003;73;NA;0;0;0;0;0;0;0;0;No
11679_8#41;BSAC1;2003;73;NA;0;0;0;0;0;0;0;0;No
11791_3#21;BSAC1;2003;73;NA;0;0;0;0;0;0;0;0;No
11791_3#24;BSAC1;2003;73;NA;0;0;0;0;0;0;0;0;No
11791_3#34;BSAC1;2003;73;NA;0;0;0;0;0;0;0;0;No
11791_7#48;BSAC1;2003;73;NA;0;0;0;0;0;0;0;0;No
11679_4#29;BSAC1;2003;79;NA;0;0;0;0;0;0;0;0;No
11679_5#25;BSAC1;2003;80;NA;0;0;0;0;0;0;0;0;No
11791_3#27;BSAC1;2003;80;NA;0;0;0;0;0;0;0;0;No
11791_3#33;BSAC1;2003;80;NA;0;0;0;0;0;0;0;0;No
11657_5#41;BSAC1;2003;95;NA;0;0;0;0;0;0;0;0;No
11657_6#36;BSAC1;2003;95;NA;0;0;0;0;0;0;0;0;No
11658_3#30;BSAC1;2003;95;NA;0;0;0;0;0;0;0;0;No
11658_4#44;BSAC1;2003;95;NA;0;0;0;0;0;0;0;0;No
11679_6#27;BSAC1;2003;95;NA;0;0;0;0;0;0;0;0;No
11679_6#29;BSAC1;2003;95;NA;0;0;0;0;0;0;0;0;No
11679_6#36;BSAC1;2003;95;NA;0;0;0;0;0;0;0;0;No
11679_8#37;BSAC1;2003;95;NA;0;0;0;0;0;0;0;0;No
11657_5#33;BSAC1;2002;10;NA;0;0;0;0;0;0;0;0;No
11679_5#30;BSAC1;2002;10;NA;0;0;0;0;0;0;0;0;No
11791_3#15;BSAC1;2002;1001;NA;0;0;0;0;0;0;0;0;No
11657_5#35;BSAC1;2002;106;NA;0;0;0;0;0;0;0;0;No
11791_3#16;BSAC1;2002;106;NA;0;0;0;0;0;0;0;0;No
11679_8#23;BSAC1;2002;1155;NA;0;0;0;0;0;0;0;0;No
11658_3#25;BSAC1;2002;117;NA;0;0;0;0;0;0;0;0;No
11657_5#31;BSAC1;2002;12;NA;0;0;0;0;0;0;0;0;No
11658_5#62;BSAC1;2002;12;NA;0;0;0;0;0;0;0;0;No
11658_6#71;BSAC1;2002;12;NA;0;0;0;0;0;0;0;0;No
11658_7#46;BSAC1;2002;12;NA;0;0;0;0;0;0;0;0;No
11679_5#21;BSAC1;2002;12;NA;0;0;0;0;0;0;0;0;No
11679_8#17;BSAC1;2002;12;NA;0;0;0;0;0;0;0;0;No
11791_6#13;BSAC1;2002;12;NA;0;0;0;0;0;0;0;0;No
11658_4#38;BSAC1;2002;127;NA;0;0;0;0;0;0;0;0;No
11679_8#24;BSAC1;2002;127;NA;0;0;0;0;0;0;0;0;No
11658_4#39;BSAC1;2002;14;NA;0;0;0;0;0;0;0;0;No
11679_5#20;BSAC1;2002;141;NA;0;0;0;0;0;0;0;0;No
11679_7#27;BSAC1;2002;141;NA;0;0;0;0;0;0;0;0;No
11679_8#25;BSAC1;2002;141;NA;0;0;0;0;0;0;0;0;No
11791_6#17;BSAC1;2002;141;NA;0;0;0;0;0;0;0;0;No
11658_5#81;BSAC1;2002;144;NA;0;0;0;0;0;0;0;0;No
11679_8#44;BSAC1;2002;1486;NA;0;0;0;0;0;0;0;0;No
11658_7#59;BSAC1;2002;2230;NA;0;0;0;0;0;0;0;0;No
11679_8#33;BSAC1;2002;2230;NA;0;0;0;0;0;0;0;0;No
11657_6#31;BSAC1;2002;354;NA;0;0;0;0;0;0;0;0;No
11791_3#10;BSAC1;2002;357;NA;0;0;0;0;0;0;0;0;No
11791_6#12;BSAC1;2002;363;NA;0;0;0;0;0;0;0;0;No
11658_7#51;BSAC1;2002;366;NA;0;0;0;0;0;0;0;0;No
11658_5#65;BSAC1;2002;372;NA;0;0;0;0;0;0;0;0;No
11657_6#34;BSAC1;2002;38;NA;0;0;0;0;0;0;0;0;No
11658_3#28;BSAC1;2002;38;NA;0;0;0;0;0;0;0;0;No
11658_8#66;BSAC1;2002;38;NA;0;0;0;0;0;0;0;0;No
11658_4#35;BSAC1;2002;393;NA;0;0;0;0;0;0;0;0;No
11658_5#77;BSAC1;2002;393;NA;0;0;0;0;0;0;0;0;No
11658_6#61;BSAC1;2002;393;NA;0;0;0;0;0;0;0;0;No
11679_4#23;BSAC1;2002;393;NA;0;0;0;0;0;0;0;0;No
12045_3#59;BSAC1;2002;393;NA;0;0;0;0;0;0;0;0;No
11658_5#64;BSAC1;2002;399;NA;0;0;0;0;0;0;0;0;No
11679_7#24;BSAC1;2002;405;NA;0;0;0;0;0;0;0;0;No
11791_6#14;BSAC1;2002;405;NA;0;0;0;0;0;0;0;0;No
11679_8#22;BSAC1;2002;420;NA;0;0;0;0;0;0;0;0;No
11791_3#17;BSAC1;2002;420;NA;0;0;0;0;0;0;0;0;No
11657_5#36;BSAC1;2002;452;NA;0;0;0;0;0;0;0;0;No
11791_7#42;BSAC1;2002;5082;NA;0;0;0;0;0;0;0;0;No
11657_7#34;BSAC1;2002;5363;NA;0;0;0;0;0;0;0;0;No
11657_5#37;BSAC1;2002;5461;NA;0;0;0;0;0;0;0;0;No
11657_5#32;BSAC1;2002;5476;NA;0;0;0;0;0;0;0;0;No
11657_6#32;BSAC1;2002;550;NA;0;0;0;0;0;0;0;0;No
11791_3#9;BSAC1;2002;5519;NA;0;0;0;0;0;0;0;0;No
11658_6#63;BSAC1;2002;5630;NA;0;0;0;0;0;0;0;0;No
11791_3#13;BSAC1;2002;58;NA;0;0;0;0;0;0;0;0;No
11657_5#38;BSAC1;2002;59;NA;0;0;0;0;0;0;0;0;No
11657_6#33;BSAC1;2002;59;NA;0;0;0;0;0;0;0;0;No
11679_4#24;BSAC1;2002;59;NA;0;0;0;0;0;0;0;0;No
11679_5#22;BSAC1;2002;59;NA;0;0;0;0;0;0;0;0;No
11679_5#23;BSAC1;2002;59;NA;0;0;0;0;0;0;0;0;No
11791_6#16;BSAC1;2002;59;NA;0;0;0;0;0;0;0;0;No
11679_6#24;BSAC1;2002;618;NA;0;0;0;0;0;0;0;0;No
11657_5#34;BSAC1;2002;641;NA;0;0;0;0;0;0;0;0;No
12045_3#58;BSAC1;2002;69;NA;0;0;0;0;0;0;0;0;No
11679_7#23;BSAC1;2002;691;NA;0;0;0;0;0;0;0;0;No
11658_5#63;BSAC1;2002;711;NA;0;0;0;0;0;0;0;0;No
11657_7#33;BSAC1;2002;73;NA;0;0;0;0;0;0;0;0;No
11658_3#26;BSAC1;2002;73;NA;0;0;0;0;0;0;0;0;No
11658_3#27;BSAC1;2002;73;NA;0;0;0;0;0;0;0;0;No
11658_4#36;BSAC1;2002;73;NA;0;0;0;0;0;0;0;0;No
11658_4#40;BSAC1;2002;73;NA;0;0;0;0;0;0;0;0;No
11658_5#76;BSAC1;2002;73;NA;0;0;0;0;0;0;0;0;No
11658_6#62;BSAC1;2002;73;NA;0;0;0;0;0;0;0;0;No
11658_7#47;BSAC1;2002;73;NA;0;0;0;0;0;0;0;0;No
11658_7#50;BSAC1;2002;73;NA;0;0;0;0;0;0;0;0;No
11658_8#59;BSAC1;2002;73;NA;0;0;0;0;0;0;0;0;No
11679_4#25;BSAC1;2002;73;NA;0;0;0;0;0;0;0;0;No
11679_5#17;BSAC1;2002;73;NA;0;0;0;0;0;0;0;0;No
11679_5#18;BSAC1;2002;73;NA;0;0;0;0;0;0;0;0;No
11679_5#19;BSAC1;2002;73;NA;0;0;0;0;0;0;0;0;No
11679_6#22;BSAC1;2002;73;NA;0;0;0;0;0;0;0;0;No
11679_6#23;BSAC1;2002;73;NA;0;0;0;0;0;0;0;0;No
11679_6#38;BSAC1;2002;73;NA;0;0;0;0;0;0;0;0;No
11679_7#21;BSAC1;2002;73;NA;0;0;0;0;0;0;0;0;No
11679_7#22;BSAC1;2002;73;NA;0;0;0;0;0;0;0;0;No
11679_8#18;BSAC1;2002;73;NA;0;0;0;0;0;0;0;0;No
11679_8#21;BSAC1;2002;73;NA;0;0;0;0;0;0;0;0;No
11791_3#7;BSAC1;2002;73;NA;0;0;0;0;0;0;0;0;No
11791_3#12;BSAC1;2002;73;NA;0;0;0;0;0;0;0;0;No
11791_6#15;BSAC1;2002;73;NA;0;0;0;0;0;0;0;0;No
11791_7#44;BSAC1;2002;73;NA;0;0;0;0;0;0;0;0;No
12045_3#67;BSAC1;2002;73;NA;0;0;0;0;0;0;0;0;No
11657_6#35;BSAC1;2002;79;NA;0;0;0;0;0;0;0;0;No
11679_8#20;BSAC1;2002;83;NA;0;0;0;0;0;0;0;0;No
11679_4#22;BSAC1;2002;88;NA;0;0;0;0;0;0;0;0;No
11679_6#25;BSAC1;2002;88;NA;0;0;0;0;0;0;0;0;No
11791_3#14;BSAC1;2002;88;NA;0;0;0;0;0;0;0;0;No
11791_3#11;BSAC1;2002;91;NA;0;0;0;0;0;0;0;0;No
11658_4#34;BSAC1;2002;95;NA;0;0;0;0;0;0;0;0;No
11658_4#37;BSAC1;2002;95;NA;0;0;0;0;0;0;0;0;No
11658_7#48;BSAC1;2002;95;NA;0;0;0;0;0;0;0;0;No
11658_7#49;BSAC1;2002;95;NA;0;0;0;0;0;0;0;0;No
11658_8#69;BSAC1;2002;95;NA;0;0;0;0;0;0;0;0;No
11679_6#26;BSAC1;2002;95;NA;0;0;0;0;0;0;0;0;No
11679_8#16;BSAC1;2002;95;NA;0;0;0;0;0;0;0;0;No
11791_3#8;BSAC1;2002;95;NA;0;0;0;0;0;0;0;0;No
12045_3#66;BSAC1;2002;95;NA;0;0;0;0;0;0;0;0;No
11679_8#19;BSAC1;2002;963;NA;0;0;0;0;0;0;0;0;No
11658_3#22;BSAC1;2001;10;NA;0;0;0;0;0;0;0;0;No
11658_4#27;BSAC1;2001;10;NA;0;0;0;0;0;0;0;0;No
11658_7#41;BSAC1;2001;10;NA;0;0;0;0;0;0;0;0;No
11679_5#16;BSAC1;2001;10;NA;0;0;0;0;0;0;0;0;No
11791_7#39;BSAC1;2001;10;NA;0;0;0;0;0;0;0;0;No
11658_7#45;BSAC1;2001;117;NA;0;0;0;0;0;0;0;0;No
11657_5#30;BSAC1;2001;12;NA;0;0;0;0;0;0;0;0;No
11658_6#59;BSAC1;2001;12;NA;0;0;0;0;0;0;0;0;No
11658_6#60;BSAC1;2001;12;NA;0;0;0;0;0;0;0;0;No
11679_6#20;BSAC1;2001;12;NA;0;0;0;0;0;0;0;0;No
11679_8#12;BSAC1;2001;12;NA;0;0;0;0;0;0;0;0;No
11679_7#18;BSAC1;2001;1257;NA;0;0;0;0;0;0;0;0;No
11679_4#17;BSAC1;2001;126;NA;0;0;0;0;0;0;0;0;No
11679_5#14;BSAC1;2001;127;NA;0;0;0;0;0;0;0;0;No
11679_7#19;BSAC1;2001;127;NA;0;0;0;0;0;0;0;0;No
11658_7#43;BSAC1;2001;1288;NA;0;0;0;0;0;0;0;0;No
11657_6#27;BSAC1;2001;14;NA;0;0;0;0;0;0;0;0;No
11658_3#21;BSAC1;2001;14;NA;0;0;0;0;0;0;0;0;No
11679_7#15;BSAC1;2001;14;NA;0;0;0;0;0;0;0;0;No
11657_6#29;BSAC1;2001;144;NA;0;0;0;0;0;0;0;0;No
11658_5#59;BSAC1;2001;144;NA;0;0;0;0;0;0;0;0;No
11679_4#93;BSAC1;2001;144;NA;0;0;0;0;0;0;0;0;No
11679_7#17;BSAC1;2001;144;NA;0;0;0;0;0;0;0;0;No
11658_5#61;BSAC1;2001;1531;NA;0;0;0;0;0;0;0;0;No
11658_4#26;BSAC1;2001;155;NA;0;0;0;0;0;0;0;0;No
11657_7#31;BSAC1;2001;1670;NA;0;0;0;0;0;0;0;0;No
11791_7#37;BSAC1;2001;297;NA;0;0;0;0;0;0;0;0;No
11658_6#58;BSAC1;2001;345;NA;0;0;0;0;0;0;0;0;No
11658_5#58;BSAC1;2001;357;NA;0;0;0;0;0;0;0;0;No
11657_7#29;BSAC1;2001;372;NA;0;0;0;0;0;0;0;0;No
11679_4#19;BSAC1;2001;372;NA;0;0;0;0;0;0;0;0;No
11658_4#30;BSAC1;2001;393;NA;0;0;0;0;0;0;0;0;No
11657_5#29;BSAC1;2001;404;NA;0;0;0;0;0;0;0;0;No
11658_4#32;BSAC1;2001;404;NA;0;0;0;0;0;0;0;0;No
11657_7#27;BSAC1;2001;405;NA;0;0;0;0;0;0;0;0;No
11679_4#20;BSAC1;2001;405;NA;0;0;0;0;0;0;0;0;No
11679_7#14;BSAC1;2001;405;NA;0;0;0;0;0;0;0;0;No
11658_3#24;BSAC1;2001;410;NA;0;0;0;0;0;0;0;0;No
11791_3#6;BSAC1;2001;410;NA;0;0;0;0;0;0;0;0;No
11658_7#39;BSAC1;2001;421;NA;0;0;0;0;0;0;0;0;No
11658_3#19;BSAC1;2001;5346;NA;0;0;0;0;0;0;0;0;No
11657_7#41;BSAC1;2001;539;NA;0;0;0;0;0;0;0;0;No
11658_5#60;BSAC1;2001;5417;NA;0;0;0;0;0;0;0;0;No
11679_4#18;BSAC1;2001;550;NA;0;0;0;0;0;0;0;0;No
11658_7#44;BSAC1;2001;636;NA;0;0;0;0;0;0;0;0;No
11679_8#15;BSAC1;2001;641;NA;0;0;0;0;0;0;0;0;No
11679_6#21;BSAC1;2001;68;NA;0;0;0;0;0;0;0;0;No
11679_8#13;BSAC1;2001;681;NA;0;0;0;0;0;0;0;0;No
11657_5#26;BSAC1;2001;73;NA;0;0;0;0;0;0;0;0;No
11657_5#27;BSAC1;2001;73;NA;0;0;0;0;0;0;0;0;No
11657_6#26;BSAC1;2001;73;NA;0;0;0;0;0;0;0;0;No
11657_6#28;BSAC1;2001;73;NA;0;0;0;0;0;0;0;0;No
11657_6#30;BSAC1;2001;73;NA;0;0;0;0;0;0;0;0;No
11657_7#25;BSAC1;2001;73;NA;0;0;0;0;0;0;0;0;No
11657_7#26;BSAC1;2001;73;NA;0;0;0;0;0;0;0;0;No
11658_4#29;BSAC1;2001;73;NA;0;0;0;0;0;0;0;0;No
11658_4#31;BSAC1;2001;73;NA;0;0;0;0;0;0;0;0;No
11679_5#15;BSAC1;2001;73;NA;0;0;0;0;0;0;0;0;No
11679_6#18;BSAC1;2001;73;NA;0;0;0;0;0;0;0;0;No
11791_7#40;BSAC1;2001;73;NA;0;0;0;0;0;0;0;0;No
11791_7#41;BSAC1;2001;73;NA;0;0;0;0;0;0;0;0;No
11658_4#33;BSAC1;2001;767;NA;0;0;0;0;0;0;0;0;No
11679_4#21;BSAC1;2001;79;NA;0;0;0;0;0;0;0;0;No
11657_5#25;BSAC1;2001;80;NA;0;0;0;0;0;0;0;0;No
11657_7#32;BSAC1;2001;80;NA;0;0;0;0;0;0;0;0;No
11658_7#60;BSAC1;2001;88;NA;0;0;0;0;0;0;0;0;No
11658_3#23;BSAC1;2001;91;NA;0;0;0;0;0;0;0;0;No
11658_8#58;BSAC1;2001;91;NA;0;0;0;0;0;0;0;0;No
11657_7#28;BSAC1;2001;95;NA;0;0;0;0;0;0;0;0;No
11658_3#20;BSAC1;2001;95;NA;0;0;0;0;0;0;0;0;No
11658_7#42;BSAC1;2001;95;NA;0;0;0;0;0;0;0;0;No
11679_7#16;BSAC1;2001;95;NA;0;0;0;0;0;0;0;0;No
11679_8#14;BSAC1;2001;95;NA;0;0;0;0;0;0;0;0;No
11791_7#38;BSAC1;2001;95;NA;0;0;0;0;0;0;0;0;No
11679_6#19;BSAC1;2001;967;NA;0;0;0;0;0;0;0;0;No
11791_3#95;BSAC1;2001;998;NA;0;0;0;0;0;0;0;0;No